"DATE","품목명","단위","등급명","평균가격","전일","전년"
"2025-04-09","배추","10키로망대","특","17,018","0","0"
"2025-04-08","배추","10키로망대","특","17,007","0","0"
"2025-04-07","배추","10키로망대","특","16,938","0","0"
"2025-04-05","배추","10키로망대","특","17,720","0","0"
"2025-04-04","배추","10키로망대","특","17,250","0","0"
"2025-04-03","배추","10키로망대","특","17,964","0","0"
"2025-04-02","배추","10키로망대","특","17,875","0","0"
"2025-04-01","배추","10키로망대","특","17,360","18,405","0"
"2025-03-31","배추","10키로망대","특","18,405","0","14,390"
"2025-03-30","배추","10키로망대","특","0","17,865","13,848"
"2025-03-29","배추","10키로망대","특","17,865","16,025","13,785"
"2025-03-28","배추","10키로망대","특","16,025","16,383","13,735"
"2025-03-27","배추","10키로망대","특","16,383","16,767","13,117"
"2025-03-26","배추","10키로망대","특","16,767","16,866","13,442"
"2025-03-25","배추","10키로망대","특","16,866","17,664","0"
"2025-03-24","배추","10키로망대","특","17,664","0","13,029"
"2025-03-23","배추","10키로망대","특","0","17,128","13,158"
"2025-03-22","배추","10키로망대","특","17,128","16,783","13,119"
"2025-03-21","배추","10키로망대","특","16,783","16,439","13,027"
"2025-03-20","배추","10키로망대","특","16,439","18,178","12,780"
"2025-03-19","배추","10키로망대","특","18,178","20,598","13,308"
"2025-03-18","배추","10키로망대","특","20,598","17,919","0"
"2025-03-17","배추","10키로망대","특","17,919","0","13,493"
"2025-03-16","배추","10키로망대","특","0","17,782","13,187"
"2025-03-15","배추","10키로망대","특","17,782","15,679","12,442"
"2025-03-14","배추","10키로망대","특","15,679","15,716","13,020"
"2025-03-13","배추","10키로망대","특","15,716","16,113","11,850"
"2025-03-12","배추","10키로망대","특","16,113","16,009","11,754"
"2025-03-11","배추","10키로망대","특","16,009","15,696","0"
"2025-03-10","배추","10키로망대","특","15,696","0","0"
"2025-03-08","배추","10키로망대","특","15,719","0","0"
"2025-03-07","배추","10키로망대","특","16,591","0","0"
"2025-03-06","배추","10키로망대","특","17,248","0","0"
"2025-03-04","배추","10키로망대","특","18,495","0","0"
"2025-03-03","배추","10키로망대","특","17,973","0","0"
"2025-03-01","배추","10키로망대","특","17,644","17,520","10,668"
"2025-02-28","배추","10키로망대","특","17,520","17,143","10,931"
"2025-02-27","배추","10키로망대","특","17,143","16,559","10,976"
"2025-02-26","배추","10키로망대","특","16,559","16,624","0"
"2025-02-25","배추","10키로망대","특","16,624","16,410","11,500"
"2025-02-24","배추","10키로망대","특","16,410","0","10,877"
"2025-02-23","배추","10키로망대","특","0","16,313","10,536"
"2025-02-22","배추","10키로망대","특","16,313","16,146","10,233"
"2025-02-21","배추","10키로망대","특","16,146","16,891","10,466"
"2025-02-20","배추","10키로망대","특","16,891","15,462","10,776"
"2025-02-19","배추","10키로망대","특","15,462","15,883","0"
"2025-02-18","배추","10키로망대","특","15,883","16,460","9,683"
"2025-02-17","배추","10키로망대","특","16,460","0","10,131"
"2025-02-16","배추","10키로망대","특","0","16,433","11,144"
"2025-02-15","배추","10키로망대","특","16,433","16,990","10,581"
"2025-02-14","배추","10키로망대","특","16,990","17,780","10,798"
"2025-02-13","배추","10키로망대","특","17,780","0","0"
"2025-02-12","배추","10키로망대","특","0","17,185","0"
"2025-02-11","배추","10키로망대","특","17,185","16,971","0"
"2025-02-10","배추","10키로망대","특","16,971","0","0"
"2025-02-08","배추","10키로망대","특","16,839","0","0"
"2025-02-07","배추","10키로망대","특","17,282","0","0"
"2025-02-06","배추","10키로망대","특","16,639","0","0"
"2025-02-05","배추","10키로망대","특","15,216","0","0"
"2025-02-04","배추","10키로망대","특","17,050","0","0"
"2025-02-03","배추","10키로망대","특","17,432","0","0"
"2025-02-01","배추","10키로망대","특","16,800","0","7,659"
"2025-01-31","배추","10키로망대","특","0","0","7,955"
"2025-01-30","배추","10키로망대","특","0","0","7,568"
"2025-01-29","배추","10키로망대","특","0","15,522","0"
"2025-01-28","배추","10키로망대","특","15,522","16,441","8,338"
"2025-01-27","배추","10키로망대","특","16,441","0","7,854"
"2025-01-26","배추","10키로망대","특","0","15,881","7,894"
"2025-01-25","배추","10키로망대","특","15,881","15,867","6,332"
"2025-01-24","배추","10키로망대","특","15,867","15,486","7,140"
"2025-01-23","배추","10키로망대","특","15,486","14,932","7,972"
"2025-01-22","배추","10키로망대","특","14,932","14,713","0"
"2025-01-21","배추","10키로망대","특","14,713","14,948","8,520"
"2025-01-20","배추","10키로망대","특","14,948","0","8,215"
"2025-01-19","배추","10키로망대","특","0","14,922","6,922"
"2025-01-18","배추","10키로망대","특","14,922","15,018","5,789"
"2025-01-17","배추","10키로망대","특","15,018","16,438","5,538"
"2025-01-16","배추","10키로망대","특","16,438","16,354","5,790"
"2025-01-15","배추","10키로망대","특","16,354","16,579","0"
"2025-01-14","배추","10키로망대","특","16,579","16,548","5,826"
"2025-01-13","배추","10키로망대","특","16,548","0","6,263"
"2025-01-12","배추","10키로망대","특","0","16,778","5,766"
"2025-01-11","배추","10키로망대","특","16,778","16,019","6,659"
"2025-01-10","배추","10키로망대","특","16,019","0","0"
"2025-01-09","배추","10키로망대","특","16,292","0","0"
"2025-01-08","배추","10키로망대","특","17,357","0","0"
"2025-01-07","배추","10키로망대","특","16,582","0","0"
"2025-01-06","배추","10키로망대","특","16,811","0","0"
"2025-01-04","배추","10키로망대","특","17,000","0","0"
"2025-01-03","배추","10키로망대","특","18,797","0","0"
"2025-01-02","배추","10키로망대","특","19,455","0","0"
"2025-01-01","배추","10키로망대","특","0","19,455","0"
"2024-12-31","배추","10키로망대","특","19,455","13,024","6,311"
"2024-12-30","배추","10키로망대","특","13,024","0","7,062"
"2024-12-29","배추","10키로망대","특","0","12,242","6,034"
"2024-12-28","배추","10키로망대","특","12,242","11,966","7,040"
"2024-12-27","배추","10키로망대","특","11,966","12,433","6,667"
"2024-12-26","배추","10키로망대","특","12,433","12,149","7,357"
"2024-12-25","배추","10키로망대","특","12,149","12,487","0"
"2024-12-24","배추","10키로망대","특","12,487","12,625","7,805"
"2024-12-23","배추","10키로망대","특","12,625","0","6,982"
"2024-12-22","배추","10키로망대","특","0","12,819","7,353"
"2024-12-21","배추","10키로망대","특","12,819","12,493","8,800"
"2024-12-20","배추","10키로망대","특","12,493","10,599","6,209"
"2024-12-19","배추","10키로망대","특","10,599","12,826","7,769"
"2024-12-18","배추","10키로망대","특","12,826","10,362","0"
"2024-12-17","배추","10키로망대","특","10,362","13,056","9,211"
"2024-12-16","배추","10키로망대","특","13,056","0","6,686"
"2024-12-15","배추","10키로망대","특","0","10,019","7,415"
"2024-12-14","배추","10키로망대","특","10,019","10,289","5,749"
"2024-12-13","배추","10키로망대","특","10,289","10,756","7,676"
"2024-12-12","배추","10키로망대","특","10,756","10,602","7,459"
"2024-12-11","배추","10키로망대","특","10,602","9,670","0"
"2024-12-10","배추","10키로망대","특","9,670","0","0"
"2024-12-09","배추","10키로망대","특","9,654","0","0"
"2024-12-07","배추","10키로망대","특","10,876","0","0"
"2024-12-06","배추","10키로망대","특","10,368","0","0"
"2024-12-05","배추","10키로망대","특","11,821","0","0"
"2024-12-04","배추","10키로망대","특","10,131","0","0"
"2024-12-03","배추","10키로망대","특","9,730","0","0"
"2024-12-02","배추","10키로망대","특","9,211","0","0"
"2024-12-01","배추","10키로망대","특","0","10,014","7,093"
"2024-11-30","배추","10키로망대","특","10,014","10,992","6,341"
"2024-11-29","배추","10키로망대","특","10,992","14,920","7,222"
"2024-11-28","배추","10키로망대","특","14,920","11,736","7,879"
"2024-11-27","배추","10키로망대","특","11,736","11,219","0"
"2024-11-26","배추","10키로망대","특","11,219","10,228","6,729"
"2024-11-25","배추","10키로망대","특","10,228","0","8,404"
"2024-11-24","배추","10키로망대","특","0","9,333","8,616"
"2024-11-23","배추","10키로망대","특","9,333","10,751","7,499"
"2024-11-22","배추","10키로망대","특","10,751","9,443","6,682"
"2024-11-21","배추","10키로망대","특","9,443","8,749","7,644"
"2024-11-20","배추","10키로망대","특","8,749","8,725","0"
"2024-11-19","배추","10키로망대","특","8,725","8,837","10,671"
"2024-11-18","배추","10키로망대","특","8,837","0","10,119"
"2024-11-17","배추","10키로망대","특","0","9,432","8,111"
"2024-11-16","배추","10키로망대","특","9,432","10,234","7,516"
"2024-11-15","배추","10키로망대","특","10,234","9,974","6,811"
"2024-11-14","배추","10키로망대","특","9,974","8,702","6,327"
"2024-11-13","배추","10키로망대","특","8,702","8,357","0"
"2024-11-12","배추","10키로망대","특","8,357","9,457","7,512"
"2024-11-11","배추","10키로망대","특","9,457","0","8,165"
"2024-11-09","배추","10키로망대","특","8,693","0","0"
"2024-11-08","배추","10키로망대","특","10,034","0","0"
"2024-11-07","배추","10키로망대","특","9,835","0","0"
"2024-11-06","배추","10키로망대","특","10,232","0","0"
"2024-11-05","배추","10키로망대","특","9,762","0","0"
"2024-11-04","배추","10키로망대","특","10,325","0","0"
"2024-11-02","배추","10키로망대","특","10,984","0","0"
"2024-11-01","배추","10키로망대","특","11,260","11,073","9,020"
"2024-10-31","배추","10키로망대","특","11,073","12,279","9,847"
"2024-10-30","배추","10키로망대","특","12,279","13,327","0"
"2024-10-29","배추","10키로망대","특","13,327","12,376","9,360"
"2024-10-28","배추","10키로망대","특","12,376","0","9,850"
"2024-10-27","배추","10키로망대","특","0","13,181","11,413"
"2024-10-26","배추","10키로망대","특","13,181","13,721","11,440"
"2024-10-25","배추","10키로망대","특","13,721","16,272","11,858"
"2024-10-24","배추","10키로망대","특","16,272","20,718","15,885"
"2024-10-23","배추","10키로망대","특","20,718","19,989","0"
"2024-10-22","배추","10키로망대","특","19,989","22,832","13,680"
"2024-10-21","배추","10키로망대","특","22,832","0","17,293"
"2024-10-20","배추","10키로망대","특","0","21,177","12,718"
"2024-10-19","배추","10키로망대","특","21,177","26,649","13,769"
"2024-10-18","배추","10키로망대","특","26,649","27,831","14,373"
"2024-10-17","배추","10키로망대","특","27,831","29,288","13,448"
"2024-10-16","배추","10키로망대","특","29,288","29,061","0"
"2024-10-15","배추","10키로망대","특","29,061","32,493","17,647"
"2024-10-14","배추","10키로망대","특","32,493","0","19,076"
"2024-10-13","배추","10키로망대","특","0","30,219","19,553"
"2024-10-12","배추","10키로망대","특","30,219","28,852","19,440"
"2024-10-11","배추","10키로망대","특","28,852","29,153","19,376"
"2024-10-10","배추","10키로망대","특","29,153","0","0"
"2024-10-09","배추","10키로망대","특","28,906","0","0"
"2024-10-08","배추","10키로망대","특","30,663","0","0"
"2024-10-07","배추","10키로망대","특","30,326","0","0"
"2024-10-05","배추","10키로망대","특","34,389","0","0"
"2024-10-04","배추","10키로망대","특","31,859","0","0"
"2024-10-03","배추","10키로망대","특","31,362","0","0"
"2024-10-02","배추","10키로망대","특","33,025","0","0"
"2024-10-01","배추","10키로망대","특","31,527","34,299","0"
"2024-09-30","배추","10키로망대","특","34,299","0","0"
"2024-09-29","배추","10키로망대","특","0","29,463","27,688"
"2024-09-28","배추","10키로망대","특","29,463","33,730","29,496"
"2024-09-27","배추","10키로망대","특","33,730","31,502","24,177"
"2024-09-26","배추","10키로망대","특","31,502","40,379","20,218"
"2024-09-25","배추","10키로망대","특","40,379","38,845","0"
"2024-09-24","배추","10키로망대","특","38,845","44,344","22,763"
"2024-09-23","배추","10키로망대","특","44,344","0","29,751"
"2024-09-22","배추","10키로망대","특","0","64,195","26,526"
"2024-09-21","배추","10키로망대","특","64,195","46,310","27,028"
"2024-09-20","배추","10키로망대","특","46,310","0","24,514"
"2024-09-19","배추","10키로망대","특","0","0","22,558"
"2024-09-17","배추","10키로망대","특","0","36,049","22,430"
"2024-09-16","배추","10키로망대","특","36,049","0","22,045"
"2024-09-15","배추","10키로망대","특","0","60,977","19,021"
"2024-09-14","배추","10키로망대","특","60,977","45,335","17,681"
"2024-09-13","배추","10키로망대","특","45,335","42,422","19,307"
"2024-09-12","배추","10키로망대","특","42,422","39,299","19,431"
"2024-09-11","배추","10키로망대","특","39,299","37,880","0"
"2024-09-10","배추","10키로망대","특","37,880","0","0"
"2024-09-09","배추","10키로망대","특","33,433","0","0"
"2024-09-07","배추","10키로망대","특","29,610","0","0"
"2024-09-06","배추","10키로망대","특","30,851","0","0"
"2024-09-05","배추","10키로망대","특","31,657","0","0"
"2024-09-04","배추","10키로망대","특","29,682","0","0"
"2024-09-03","배추","10키로망대","특","27,555","0","0"
"2024-09-02","배추","10키로망대","특","26,842","0","0"
"2024-09-01","배추","10키로망대","특","0","25,473","13,634"
"2024-08-31","배추","10키로망대","특","25,473","24,690","11,960"
"2024-08-30","배추","10키로망대","특","24,690","22,518","13,117"
"2024-08-29","배추","10키로망대","특","22,518","23,377","13,811"
"2024-08-28","배추","10키로망대","특","23,377","20,244","0"
"2024-08-27","배추","10키로망대","특","20,244","21,862","21,114"
"2024-08-26","배추","10키로망대","특","21,862","0","20,085"
"2024-08-25","배추","10키로망대","특","0","25,110","17,313"
"2024-08-24","배추","10키로망대","특","25,110","24,100","16,485"
"2024-08-23","배추","10키로망대","특","24,100","24,550","16,681"
"2024-08-22","배추","10키로망대","특","24,550","19,900","20,136"
"2024-08-21","배추","10키로망대","특","19,900","19,205","0"
"2024-08-20","배추","10키로망대","특","19,205","21,488","23,252"
"2024-08-19","배추","10키로망대","특","21,488","0","20,606"
"2024-08-18","배추","10키로망대","특","0","29,430","15,825"
"2024-08-17","배추","10키로망대","특","29,430","27,136","14,745"
"2024-08-16","배추","10키로망대","특","27,136","24,410","17,330"
"2024-08-15","배추","10키로망대","특","24,410","27,687","15,696"
"2024-08-14","배추","10키로망대","특","27,687","21,951","0"
"2024-08-13","배추","10키로망대","특","21,951","25,173","15,967"
"2024-08-12","배추","10키로망대","특","25,173","0","25,582"
"2024-08-11","배추","10키로망대","특","0","24,888","32,164"
"2024-08-10","배추","10키로망대","특","24,888","0","0"
"2024-08-09","배추","10키로망대","특","23,960","0","0"
"2024-08-08","배추","10키로망대","특","21,142","0","0"
"2024-08-07","배추","10키로망대","특","20,607","0","0"
"2024-08-06","배추","10키로망대","특","16,241","0","0"
"2024-08-05","배추","10키로망대","특","17,693","0","0"
"2024-08-02","배추","10키로망대","특","17,511","0","0"
"2024-08-01","배추","10키로망대","특","17,568","14,541","16,278"
"2024-07-31","배추","10키로망대","특","14,541","13,945","0"
"2024-07-30","배추","10키로망대","특","13,945","16,032","14,852"
"2024-07-29","배추","10키로망대","특","16,032","0","15,375"
"2024-07-28","배추","10키로망대","특","0","17,435","11,480"
"2024-07-27","배추","10키로망대","특","17,435","13,723","9,331"
"2024-07-26","배추","10키로망대","특","13,723","13,672","8,676"
"2024-07-25","배추","10키로망대","특","13,672","16,541","13,475"
"2024-07-24","배추","10키로망대","특","16,541","15,353","0"
"2024-07-23","배추","10키로망대","특","15,353","14,502","10,764"
"2024-07-22","배추","10키로망대","특","14,502","0","9,285"
"2024-07-21","배추","10키로망대","특","0","14,044","7,731"
"2024-07-20","배추","10키로망대","특","14,044","16,819","18,405"
"2024-07-19","배추","10키로망대","특","16,819","12,861","6,865"
"2024-07-18","배추","10키로망대","특","12,861","12,618","6,754"
"2024-07-17","배추","10키로망대","특","12,618","10,729","0"
"2024-07-16","배추","10키로망대","특","10,729","11,089","18,320"
"2024-07-15","배추","10키로망대","특","11,089","0","10,730"
"2024-07-14","배추","10키로망대","특","0","12,781","9,554"
"2024-07-13","배추","10키로망대","특","12,781","12,781","7,703"
"2024-07-12","배추","10키로망대","특","12,781","14,337","9,287"
"2024-07-11","배추","10키로망대","특","14,337","11,290","11,498"
"2024-07-10","배추","10키로망대","특","11,290","0","0"
"2024-07-09","배추","10키로망대","특","13,152","0","0"
"2024-07-08","배추","10키로망대","특","10,549","0","0"
"2024-07-06","배추","10키로망대","특","10,618","0","0"
"2024-07-05","배추","10키로망대","특","9,734","0","0"
"2024-07-04","배추","10키로망대","특","11,340","0","0"
"2024-07-03","배추","10키로망대","특","10,805","0","0"
"2024-07-02","배추","10키로망대","특","10,761","0","0"
"2024-07-01","배추","10키로망대","특","11,279","0","10,399"
"2024-06-30","배추","10키로망대","특","0","10,264","7,191"
"2024-06-29","배추","10키로망대","특","10,264","9,291","7,598"
"2024-06-28","배추","10키로망대","특","9,291","7,830","13,230"
"2024-06-27","배추","10키로망대","특","7,830","7,484","10,249"
"2024-06-26","배추","10키로망대","특","7,484","8,518","0"
"2024-06-25","배추","10키로망대","특","8,518","7,964","11,239"
"2024-06-24","배추","10키로망대","특","7,964","0","6,859"
"2024-06-23","배추","10키로망대","특","0","8,522","8,570"
"2024-06-22","배추","10키로망대","특","8,522","7,672","10,636"
"2024-06-21","배추","10키로망대","특","7,672","6,674","7,576"
"2024-06-20","배추","10키로망대","특","6,674","7,114","8,502"
"2024-06-19","배추","10키로망대","특","7,114","6,850","0"
"2024-06-18","배추","10키로망대","특","6,850","7,847","8,639"
"2024-06-17","배추","10키로망대","특","7,847","0","10,767"
"2024-06-16","배추","10키로망대","특","0","6,474","10,937"
"2024-06-15","배추","10키로망대","특","6,474","9,012","7,604"
"2024-06-14","배추","10키로망대","특","9,012","8,767","8,866"
"2024-06-13","배추","10키로망대","특","8,767","8,389","9,770"
"2024-06-12","배추","10키로망대","특","8,389","6,678","0"
"2024-06-11","배추","10키로망대","특","6,678","7,842","11,878"
"2024-06-10","배추","10키로망대","특","7,842","0","0"
"2024-06-08","배추","10키로망대","특","7,797","0","0"
"2024-06-07","배추","10키로망대","특","7,950","0","0"
"2024-06-06","배추","10키로망대","특","7,283","0","0"
"2024-06-05","배추","10키로망대","특","6,953","0","0"
"2024-06-04","배추","10키로망대","특","7,079","0","0"
"2024-06-03","배추","10키로망대","특","7,657","0","0"
"2024-06-01","배추","10키로망대","특","7,364","7,501","11,800"
"2024-05-31","배추","10키로망대","특","7,501","7,886","8,139"
"2024-05-30","배추","10키로망대","특","7,886","9,003","12,870"
"2024-05-29","배추","10키로망대","특","9,003","7,707","0"
"2024-05-28","배추","10키로망대","특","7,707","7,765","10,625"
"2024-05-27","배추","10키로망대","특","7,765","0","7,356"
"2024-05-26","배추","10키로망대","특","0","7,273","6,873"
"2024-05-25","배추","10키로망대","특","7,273","8,196","7,274"
"2024-05-24","배추","10키로망대","특","8,196","7,313","7,330"
"2024-05-23","배추","10키로망대","특","7,313","7,452","7,497"
"2024-05-22","배추","10키로망대","특","7,452","8,136","0"
"2024-05-21","배추","10키로망대","특","8,136","12,192","11,105"
"2024-05-20","배추","10키로망대","특","12,192","0","10,864"
"2024-05-19","배추","10키로망대","특","0","14,005","10,754"
"2024-05-18","배추","10키로망대","특","14,005","13,995","13,263"
"2024-05-17","배추","10키로망대","특","13,995","13,990","12,571"
"2024-05-16","배추","10키로망대","특","13,990","15,200","12,863"
"2024-05-15","배추","10키로망대","특","15,200","16,213","0"
"2024-05-14","배추","10키로망대","특","16,213","16,625","9,750"
"2024-05-13","배추","10키로망대","특","16,625","0","8,484"
"2024-05-12","배추","10키로망대","특","0","17,126","9,901"
"2024-05-11","배추","10키로망대","특","17,126","17,598","11,110"
"2024-05-10","배추","10키로망대","특","17,598","0","0"
"2024-05-09","배추","10키로망대","특","14,890","0","0"
"2024-05-08","배추","10키로망대","특","14,393","0","0"
"2024-05-07","배추","10키로망대","특","14,435","0","0"
"2024-05-06","배추","10키로망대","특","16,775","0","0"
"2024-05-04","배추","10키로망대","특","18,009","0","0"
"2024-05-03","배추","10키로망대","특","19,042","0","0"
"2024-05-02","배추","10키로망대","특","19,419","0","0"
"2024-05-01","배추","10키로망대","특","17,952","17,609","0"
"2024-04-30","배추","10키로망대","특","17,609","17,506","10,852"
"2024-04-29","배추","10키로망대","특","17,506","0","11,046"
"2024-04-28","배추","10키로망대","특","0","17,314","12,490"
"2024-04-27","배추","10키로망대","특","17,314","16,657","11,932"
"2024-04-26","배추","10키로망대","특","16,657","17,380","11,778"
"2024-04-25","배추","10키로망대","특","17,380","17,273","10,862"
"2024-04-24","배추","10키로망대","특","17,273","19,166","0"
"2024-04-23","배추","10키로망대","특","19,166","18,953","9,676"
"2024-04-22","배추","10키로망대","특","18,953","0","9,754"
"2024-04-21","배추","10키로망대","특","0","17,619","10,200"
"2024-04-20","배추","10키로망대","특","17,619","17,557","10,816"
"2024-04-19","배추","10키로망대","특","17,557","19,726","10,769"
"2024-04-18","배추","10키로망대","특","19,726","19,247","10,624"
"2024-04-17","배추","10키로망대","특","19,247","19,829","0"
"2024-04-16","배추","10키로망대","특","19,829","21,255","13,601"
"2024-04-15","배추","10키로망대","특","21,255","0","12,025"
"2024-04-14","배추","10키로망대","특","0","20,036","12,046"
"2024-04-13","배추","10키로망대","특","20,036","18,056","12,277"
"2024-04-12","배추","10키로망대","특","18,056","18,034","11,885"
"2024-04-11","배추","10키로망대","특","18,034","17,625","11,457"
"2024-04-10","배추","10키로망대","특","17,625","0","0"
"2024-04-09","배추","10키로망대","특","17,798","0","0"
"2024-04-08","배추","10키로망대","특","17,535","0","0"
"2024-04-06","배추","10키로망대","특","15,818","0","0"
"2024-04-05","배추","10키로망대","특","15,620","0","0"
"2024-04-04","배추","10키로망대","특","14,710","0","0"
"2024-04-03","배추","10키로망대","특","15,883","0","0"
"2024-04-02","배추","10키로망대","특","14,771","0","0"
"2024-04-01","배추","10키로망대","특","14,863","0","8,695"
"2024-03-31","배추","10키로망대","특","0","14,390","6,978"
"2024-03-30","배추","10키로망대","특","14,390","13,848","8,031"
"2024-03-29","배추","10키로망대","특","13,848","13,785","8,556"
"2024-03-28","배추","10키로망대","특","13,785","13,735","8,953"
"2024-03-27","배추","10키로망대","특","13,735","13,117","0"
"2024-03-26","배추","10키로망대","특","13,117","13,442","8,603"
"2024-03-25","배추","10키로망대","특","13,442","0","8,279"
"2024-03-24","배추","10키로망대","특","0","13,029","8,555"
"2024-03-23","배추","10키로망대","특","13,029","13,158","8,420"
"2024-03-22","배추","10키로망대","특","13,158","13,119","8,199"
"2024-03-21","배추","10키로망대","특","13,119","13,027","7,570"
"2024-03-20","배추","10키로망대","특","13,027","12,780","0"
"2024-03-19","배추","10키로망대","특","12,780","13,308","8,500"
"2024-03-18","배추","10키로망대","특","13,308","0","8,414"
"2024-03-17","배추","10키로망대","특","0","13,493","8,300"
"2024-03-16","배추","10키로망대","특","13,493","13,187","8,168"
"2024-03-15","배추","10키로망대","특","13,187","12,442","8,369"
"2024-03-14","배추","10키로망대","특","12,442","13,020","8,684"
"2024-03-13","배추","10키로망대","특","13,020","11,850","0"
"2024-03-12","배추","10키로망대","특","11,850","11,754","8,600"
"2024-03-11","배추","10키로망대","특","11,754","0","7,875"
"2024-03-09","배추","10키로망대","특","11,862","0","0"
"2024-03-08","배추","10키로망대","특","11,753","0","0"
"2024-03-07","배추","10키로망대","특","12,623","0","0"
"2024-03-06","배추","10키로망대","특","12,081","0","0"
"2024-03-05","배추","10키로망대","특","11,962","0","0"
"2024-03-04","배추","10키로망대","특","11,963","0","0"
"2024-03-02","배추","10키로망대","특","11,785","0","0"
"2024-03-01","배추","10키로망대","특","11,785","10,415","6,416"
"2024-02-29","배추","10키로망대","특","10,415","10,668","6,416"
"2024-02-28","배추","10키로망대","특","10,668","10,931","7,500"
"2024-02-27","배추","10키로망대","특","10,931","10,976","0"
"2024-02-26","배추","10키로망대","특","10,976","0","7,100"
"2024-02-25","배추","10키로망대","특","0","11,500","6,535"
"2024-02-24","배추","10키로망대","특","11,500","10,877","6,460"
"2024-02-23","배추","10키로망대","특","10,877","10,536","6,280"
"2024-02-22","배추","10키로망대","특","10,536","10,233","6,395"
"2024-02-21","배추","10키로망대","특","10,233","10,466","7,460"
"2024-02-20","배추","10키로망대","특","10,466","10,776","0"
"2024-02-19","배추","10키로망대","특","10,776","0","6,700"
"2024-02-18","배추","10키로망대","특","0","9,683","6,300"
"2024-02-17","배추","10키로망대","특","9,683","10,131","7,195"
"2024-02-16","배추","10키로망대","특","10,131","11,144","7,988"
"2024-02-15","배추","10키로망대","특","11,144","10,581","6,700"
"2024-02-14","배추","10키로망대","특","10,581","10,798","6,529"
"2024-02-13","배추","10키로망대","특","10,798","0","0"
"2024-02-12","배추","10키로망대","특","0","0","6,700"
"2024-02-11","배추","10키로망대","특","0","0","6,308"
"2024-02-09","배추","10키로망대","특","5,338","0","0"
"2024-02-08","배추","10키로망대","특","8,131","0","0"
"2024-02-07","배추","10키로망대","특","9,021","0","0"
"2024-02-06","배추","10키로망대","특","9,878","0","0"
"2024-02-05","배추","10키로망대","특","8,693","0","0"
"2024-02-03","배추","10키로망대","특","7,820","0","0"
"2024-02-02","배추","10키로망대","특","7,424","0","0"
"2024-02-01","배추","10키로망대","특","7,306","7,659","7,100"
"2024-01-31","배추","10키로망대","특","7,659","7,955","6,768"
"2024-01-30","배추","10키로망대","특","7,955","7,568","0"
"2024-01-29","배추","10키로망대","특","7,568","0","6,400"
"2024-01-28","배추","10키로망대","특","0","8,338","6,678"
"2024-01-27","배추","10키로망대","특","8,338","7,854","5,200"
"2024-01-26","배추","10키로망대","특","7,854","7,894","5,200"
"2024-01-25","배추","10키로망대","특","7,894","6,332","0"
"2024-01-24","배추","10키로망대","특","6,332","7,140","0"
"2024-01-23","배추","10키로망대","특","7,140","7,972","0"
"2024-01-22","배추","10키로망대","특","7,972","0","4,288"
"2024-01-21","배추","10키로망대","특","0","8,520","4,288"
"2024-01-20","배추","10키로망대","특","8,520","8,215","4,300"
"2024-01-19","배추","10키로망대","특","8,215","6,922","4,500"
"2024-01-18","배추","10키로망대","특","6,922","5,789","4,435"
"2024-01-17","배추","10키로망대","특","5,789","5,538","4,535"
"2024-01-16","배추","10키로망대","특","5,538","5,790","0"
"2024-01-15","배추","10키로망대","특","5,790","0","4,300"
"2024-01-14","배추","10키로망대","특","0","5,826","4,600"
"2024-01-13","배추","10키로망대","특","5,826","6,263","4,728"
"2024-01-12","배추","10키로망대","특","6,263","5,766","4,374"
"2024-01-11","배추","10키로망대","특","5,766","6,659","4,094"
"2024-01-10","배추","10키로망대","특","6,659","0","0"
"2024-01-09","배추","10키로망대","특","6,800","0","0"
"2024-01-08","배추","10키로망대","특","6,899","0","0"
"2024-01-06","배추","10키로망대","특","5,486","0","0"
"2024-01-05","배추","10키로망대","특","6,323","0","0"
"2024-01-04","배추","10키로망대","특","6,463","0","0"
"2024-01-03","배추","10키로망대","특","6,962","0","0"
"2024-01-01","배추","10키로망대","특","0","0","4,500"
"2023-12-31","배추","10키로망대","특","0","6,311","4,326"
"2023-12-30","배추","10키로망대","특","6,311","7,062","5,449"
"2023-12-29","배추","10키로망대","특","7,062","6,034","5,400"
"2023-12-28","배추","10키로망대","특","6,034","7,040","5,800"
"2023-12-27","배추","10키로망대","특","7,040","6,667","9,509"
"2023-12-26","배추","10키로망대","특","6,667","7,357","0"
"2023-12-25","배추","10키로망대","특","7,357","0","5,800"
"2023-12-24","배추","10키로망대","특","0","7,805","5,473"
"2023-12-23","배추","10키로망대","특","7,805","6,982","5,748"
"2023-12-22","배추","10키로망대","특","6,982","7,353","5,680"
"2023-12-21","배추","10키로망대","특","7,353","8,800","5,869"
"2023-12-20","배추","10키로망대","특","8,800","6,209","7,100"
"2023-12-19","배추","10키로망대","특","6,209","7,769","0"
"2023-12-18","배추","10키로망대","특","7,769","0","5,300"
"2023-12-17","배추","10키로망대","특","0","9,211","4,500"
"2023-12-16","배추","10키로망대","특","9,211","6,686","3,764"
"2023-12-15","배추","10키로망대","특","6,686","7,415","4,570"
"2023-12-14","배추","10키로망대","특","7,415","5,749","4,835"
"2023-12-13","배추","10키로망대","특","5,749","7,676","5,116"
"2023-12-12","배추","10키로망대","특","7,676","7,459","0"
"2023-12-11","배추","10키로망대","특","7,459","0","5,093"
"2023-12-09","배추","10키로망대","특","6,008","0","0"
"2023-12-08","배추","10키로망대","특","6,243","0","0"
"2023-12-07","배추","10키로망대","특","6,588","0","0"
"2023-12-06","배추","10키로망대","특","8,363","0","0"
"2023-12-05","배추","10키로망대","특","7,714","0","0"
"2023-12-04","배추","10키로망대","특","7,500","0","0"
"2023-12-02","배추","10키로망대","특","8,521","0","0"
"2023-12-01","배추","10키로망대","특","8,521","7,093","5,740"
"2023-11-30","배추","10키로망대","특","7,093","6,341","6,448"
"2023-11-29","배추","10키로망대","특","6,341","7,222","5,965"
"2023-11-28","배추","10키로망대","특","7,222","7,879","0"
"2023-11-27","배추","10키로망대","특","7,879","0","6,907"
"2023-11-26","배추","10키로망대","특","0","6,729","7,553"
"2023-11-25","배추","10키로망대","특","6,729","8,404","6,270"
"2023-11-24","배추","10키로망대","특","8,404","8,616","6,765"
"2023-11-23","배추","10키로망대","특","8,616","7,499","5,839"
"2023-11-22","배추","10키로망대","특","7,499","6,682","6,047"
"2023-11-21","배추","10키로망대","특","6,682","7,644","0"
"2023-11-20","배추","10키로망대","특","7,644","0","6,858"
"2023-11-19","배추","10키로망대","특","0","10,671","7,440"
"2023-11-18","배추","10키로망대","특","10,671","10,119","6,655"
"2023-11-17","배추","10키로망대","특","10,119","8,111","5,838"
"2023-11-16","배추","10키로망대","특","8,111","7,516","6,902"
"2023-11-15","배추","10키로망대","특","7,516","6,811","7,705"
"2023-11-14","배추","10키로망대","특","6,811","6,327","0"
"2023-11-13","배추","10키로망대","특","6,327","0","8,178"
"2023-11-12","배추","10키로망대","특","0","7,512","7,475"
"2023-11-11","배추","10키로망대","특","7,512","8,165","7,184"
"2023-11-10","배추","10키로망대","특","8,165","0","0"
"2023-11-09","배추","10키로망대","특","6,793","0","0"
"2023-11-08","배추","10키로망대","특","6,785","0","0"
"2023-11-07","배추","10키로망대","특","8,629","0","0"
"2023-11-06","배추","10키로망대","특","8,129","0","0"
"2023-11-04","배추","10키로망대","특","8,612","0","0"
"2023-11-03","배추","10키로망대","특","8,612","0","0"
"2023-11-02","배추","10키로망대","특","10,289","0","0"
"2023-11-01","배추","10키로망대","특","8,359","9,020","7,852"
"2023-10-31","배추","10키로망대","특","9,020","9,847","0"
"2023-10-30","배추","10키로망대","특","9,847","0","7,908"
"2023-10-29","배추","10키로망대","특","0","9,360","8,996"
"2023-10-28","배추","10키로망대","특","9,360","9,850","10,135"
"2023-10-27","배추","10키로망대","특","9,850","11,413","9,091"
"2023-10-26","배추","10키로망대","특","11,413","11,440","9,415"
"2023-10-25","배추","10키로망대","특","11,440","11,858","9,424"
"2023-10-24","배추","10키로망대","특","11,858","15,885","0"
"2023-10-23","배추","10키로망대","특","15,885","0","10,490"
"2023-10-22","배추","10키로망대","특","0","13,680","8,958"
"2023-10-21","배추","10키로망대","특","13,680","17,293","9,091"
"2023-10-20","배추","10키로망대","특","17,293","12,718","9,140"
"2023-10-19","배추","10키로망대","특","12,718","13,769","10,200"
"2023-10-18","배추","10키로망대","특","13,769","14,373","10,936"
"2023-10-17","배추","10키로망대","특","14,373","13,448","0"
"2023-10-16","배추","10키로망대","특","13,448","0","13,200"
"2023-10-15","배추","10키로망대","특","0","17,647","12,018"
"2023-10-14","배추","10키로망대","특","17,647","19,076","12,813"
"2023-10-13","배추","10키로망대","특","19,076","19,553","12,574"
"2023-10-12","배추","10키로망대","특","19,553","19,440","14,323"
"2023-10-11","배추","10키로망대","특","19,440","19,376","15,989"
"2023-10-10","배추","10키로망대","특","19,376","0","0"
"2023-10-09","배추","10키로망대","특","19,571","0","0"
"2023-10-07","배추","10키로망대","특","21,157","0","0"
"2023-10-06","배추","10키로망대","특","19,302","0","0"
"2023-10-05","배추","10키로망대","특","17,959","0","0"
"2023-10-04","배추","10키로망대","특","17,502","0","0"
"2023-10-03","배추","10키로망대","특","18,819","0","0"
"2023-10-02","배추","10키로망대","특","27,952","0","0"
"2023-10-01","배추","10키로망대","특","0","0","23,988"
"2023-09-30","배추","10키로망대","특","0","0","24,730"
"2023-09-29","배추","10키로망대","특","0","27,688","25,352"
"2023-09-28","배추","10키로망대","특","27,688","29,496","28,258"
"2023-09-27","배추","10키로망대","특","29,496","24,177","30,941"
"2023-09-26","배추","10키로망대","특","24,177","20,218","0"
"2023-09-25","배추","10키로망대","특","20,218","0","29,109"
"2023-09-24","배추","10키로망대","특","0","22,763","32,499"
"2023-09-23","배추","10키로망대","특","22,763","29,751","37,589"
"2023-09-22","배추","10키로망대","특","29,751","26,526","35,588"
"2023-09-21","배추","10키로망대","특","26,526","27,028","41,793"
"2023-09-20","배추","10키로망대","특","27,028","24,514","37,299"
"2023-09-19","배추","10키로망대","특","24,514","22,558","0"
"2023-09-18","배추","10키로망대","특","22,558","0","36,110"
"2023-09-17","배추","10키로망대","특","0","22,430","32,765"
"2023-09-16","배추","10키로망대","특","22,430","22,045","31,229"
"2023-09-15","배추","10키로망대","특","22,045","19,021","36,672"
"2023-09-14","배추","10키로망대","특","19,021","17,681","38,619"
"2023-09-13","배추","10키로망대","특","17,681","19,307","0"
"2023-09-12","배추","10키로망대","특","19,307","19,431","0"
"2023-09-11","배추","10키로망대","특","19,431","0","0"
"2023-09-09","배추","10키로망대","특","17,541","0","0"
"2023-09-08","배추","10키로망대","특","15,090","0","0"
"2023-09-07","배추","10키로망대","특","16,233","0","0"
"2023-09-06","배추","10키로망대","특","16,105","0","0"
"2023-09-05","배추","10키로망대","특","17,920","0","0"
"2023-09-04","배추","10키로망대","특","16,639","0","0"
"2023-09-02","배추","10키로망대","특","14,516","0","0"
"2023-09-01","배추","10키로망대","특","13,965","13,634","26,766"
"2023-08-31","배추","10키로망대","특","13,634","11,960","25,455"
"2023-08-30","배추","10키로망대","특","11,960","13,117","25,416"
"2023-08-29","배추","10키로망대","특","13,117","13,811","0"
"2023-08-28","배추","10키로망대","특","13,811","0","22,313"
"2023-08-27","배추","10키로망대","특","0","21,114","21,611"
"2023-08-26","배추","10키로망대","특","21,114","20,085","19,710"
"2023-08-25","배추","10키로망대","특","20,085","17,313","19,205"
"2023-08-24","배추","10키로망대","특","17,313","16,485","19,914"
"2023-08-23","배추","10키로망대","특","16,485","16,681","18,300"
"2023-08-22","배추","10키로망대","특","16,681","20,136","0"
"2023-08-21","배추","10키로망대","특","20,136","0","19,015"
"2023-08-20","배추","10키로망대","특","0","23,252","18,862"
"2023-08-19","배추","10키로망대","특","23,252","20,606","17,170"
"2023-08-18","배추","10키로망대","특","20,606","15,825","17,979"
"2023-08-17","배추","10키로망대","특","15,825","14,745","17,430"
"2023-08-16","배추","10키로망대","특","14,745","17,330","18,502"
"2023-08-15","배추","10키로망대","특","17,330","15,696","0"
"2023-08-14","배추","10키로망대","특","15,696","0","19,491"
"2023-08-13","배추","10키로망대","특","0","15,967","16,687"
"2023-08-12","배추","10키로망대","특","15,967","25,582","19,789"
"2023-08-11","배추","10키로망대","특","25,582","32,164","20,222"
"2023-08-10","배추","10키로망대","특","32,164","0","0"
"2023-08-09","배추","10키로망대","특","27,146","0","0"
"2023-08-08","배추","10키로망대","특","20,507","0","0"
"2023-08-07","배추","10키로망대","특","22,557","0","0"
"2023-08-04","배추","10키로망대","특","23,575","0","0"
"2023-08-03","배추","10키로망대","특","19,085","0","0"
"2023-08-02","배추","10키로망대","특","19,364","0","0"
"2023-08-01","배추","10키로망대","특","20,223","16,278","0"
"2023-07-31","배추","10키로망대","특","16,278","0","17,728"
"2023-07-30","배추","10키로망대","특","0","14,852","18,752"
"2023-07-29","배추","10키로망대","특","14,852","15,375","22,681"
"2023-07-28","배추","10키로망대","특","15,375","11,480","23,687"
"2023-07-27","배추","10키로망대","특","11,480","9,331","24,978"
"2023-07-26","배추","10키로망대","특","9,331","8,676","24,838"
"2023-07-25","배추","10키로망대","특","8,676","13,475","0"
"2023-07-24","배추","10키로망대","특","13,475","0","29,079"
"2023-07-23","배추","10키로망대","특","0","10,764","24,446"
"2023-07-22","배추","10키로망대","특","10,764","9,285","20,601"
"2023-07-21","배추","10키로망대","특","9,285","7,731","22,587"
"2023-07-20","배추","10키로망대","특","7,731","18,405","21,321"
"2023-07-19","배추","10키로망대","특","18,405","6,865","21,538"
"2023-07-18","배추","10키로망대","특","6,865","6,754","0"
"2023-07-17","배추","10키로망대","특","6,754","0","17,843"
"2023-07-16","배추","10키로망대","특","0","18,320","16,329"
"2023-07-15","배추","10키로망대","특","18,320","10,730","16,562"
"2023-07-14","배추","10키로망대","특","10,730","9,554","13,505"
"2023-07-13","배추","10키로망대","특","9,554","7,703","15,961"
"2023-07-12","배추","10키로망대","특","7,703","9,287","13,554"
"2023-07-11","배추","10키로망대","특","9,287","11,498","0"
"2023-07-10","배추","10키로망대","특","11,498","0","0"
"2023-07-08","배추","10키로망대","특","5,441","0","0"
"2023-07-07","배추","10키로망대","특","6,307","0","0"
"2023-07-06","배추","10키로망대","특","11,336","0","0"
"2023-07-05","배추","10키로망대","특","8,039","0","0"
"2023-07-04","배추","10키로망대","특","6,412","0","0"
"2023-07-03","배추","10키로망대","특","6,826","0","0"
"2023-07-01","배추","10키로망대","특","9,166","10,399","12,771"
"2023-06-30","배추","10키로망대","특","10,399","7,191","9,704"
"2023-06-29","배추","10키로망대","특","7,191","7,598","9,700"
"2023-06-28","배추","10키로망대","특","7,598","13,230","10,211"
"2023-06-27","배추","10키로망대","특","13,230","10,249","0"
"2023-06-26","배추","10키로망대","특","10,249","0","11,062"
"2023-06-25","배추","10키로망대","특","0","11,239","10,674"
"2023-06-24","배추","10키로망대","특","11,239","6,859","11,308"
"2023-06-23","배추","10키로망대","특","6,859","8,570","10,870"
"2023-06-22","배추","10키로망대","특","8,570","10,636","10,219"
"2023-06-21","배추","10키로망대","특","10,636","7,576","10,379"
"2023-06-20","배추","10키로망대","특","7,576","8,502","0"
"2023-06-19","배추","10키로망대","특","8,502","0","8,082"
"2023-06-18","배추","10키로망대","특","0","8,639","8,307"
"2023-06-17","배추","10키로망대","특","8,639","10,767","9,674"
"2023-06-16","배추","10키로망대","특","10,767","10,937","9,246"
"2023-06-15","배추","10키로망대","특","10,937","7,604","10,318"
"2023-06-14","배추","10키로망대","특","7,604","8,866","9,449"
"2023-06-13","배추","10키로망대","특","8,866","9,770","0"
"2023-06-12","배추","10키로망대","특","9,770","0","7,831"
"2023-06-11","배추","10키로망대","특","0","11,878","8,645"
"2023-06-10","배추","10키로망대","특","11,878","0","0"
"2023-06-09","배추","10키로망대","특","10,172","0","0"
"2023-06-08","배추","10키로망대","특","10,338","0","0"
"2023-06-07","배추","10키로망대","특","10,448","0","0"
"2023-06-06","배추","10키로망대","특","12,901","0","0"
"2023-06-05","배추","10키로망대","특","11,261","0","0"
"2023-06-03","배추","10키로망대","특","8,550","0","0"
"2023-06-02","배추","10키로망대","특","9,717","0","0"
"2023-06-01","배추","10키로망대","특","11,998","11,800","11,255"
"2023-05-31","배추","10키로망대","특","11,800","8,139","9,012"
"2023-05-30","배추","10키로망대","특","8,139","12,870","0"
"2023-05-29","배추","10키로망대","특","12,870","0","9,000"
"2023-05-28","배추","10키로망대","특","0","10,625","9,151"
"2023-05-27","배추","10키로망대","특","10,625","7,356","8,587"
"2023-05-26","배추","10키로망대","특","7,356","6,873","8,636"
"2023-05-25","배추","10키로망대","특","6,873","7,274","8,980"
"2023-05-24","배추","10키로망대","특","7,274","7,330","9,361"
"2023-05-23","배추","10키로망대","특","7,330","7,497","0"
"2023-05-22","배추","10키로망대","특","7,497","0","8,936"
"2023-05-21","배추","10키로망대","특","0","11,105","9,585"
"2023-05-20","배추","10키로망대","특","11,105","10,864","9,424"
"2023-05-19","배추","10키로망대","특","10,864","10,754","12,499"
"2023-05-18","배추","10키로망대","특","10,754","13,263","11,223"
"2023-05-17","배추","10키로망대","특","13,263","12,571","12,132"
"2023-05-16","배추","10키로망대","특","12,571","12,863","0"
"2023-05-15","배추","10키로망대","특","12,863","0","12,600"
"2023-05-14","배추","10키로망대","특","0","9,750","12,019"
"2023-05-13","배추","10키로망대","특","9,750","8,484","12,321"
"2023-05-12","배추","10키로망대","특","8,484","9,901","11,644"
"2023-05-11","배추","10키로망대","특","9,901","11,110","12,323"
"2023-05-10","배추","10키로망대","특","11,110","0","0"
"2023-05-09","배추","10키로망대","특","11,396","0","0"
"2023-05-08","배추","10키로망대","특","12,331","0","0"
"2023-05-06","배추","10키로망대","특","17,305","0","0"
"2023-05-05","배추","10키로망대","특","13,221","0","0"
"2023-05-04","배추","10키로망대","특","12,204","0","0"
"2023-05-03","배추","10키로망대","특","12,674","0","0"
"2023-05-02","배추","10키로망대","특","12,647","0","0"
"2023-05-01","배추","10키로망대","특","11,379","0","11,786"
"2023-04-30","배추","10키로망대","특","0","10,852","11,783"
"2023-04-29","배추","10키로망대","특","10,852","11,046","12,012"
"2023-04-28","배추","10키로망대","특","11,046","12,490","12,679"
"2023-04-27","배추","10키로망대","특","12,490","11,932","12,188"
"2023-04-26","배추","10키로망대","특","11,932","11,778","12,079"
"2023-04-25","배추","10키로망대","특","11,778","10,862","0"
"2023-04-24","배추","10키로망대","특","10,862","0","11,800"
"2023-04-23","배추","10키로망대","특","0","9,676","12,087"
"2023-04-22","배추","10키로망대","특","9,676","9,754","12,189"
"2023-04-21","배추","10키로망대","특","9,754","10,200","12,229"
"2023-04-20","배추","10키로망대","특","10,200","10,816","12,400"
"2023-04-19","배추","10키로망대","특","10,816","10,769","11,973"
"2023-04-18","배추","10키로망대","특","10,769","10,624","0"
"2023-04-17","배추","10키로망대","특","10,624","0","11,300"
"2023-04-16","배추","10키로망대","특","0","13,601","11,600"
"2023-04-15","배추","10키로망대","특","13,601","12,025","11,375"
"2023-04-14","배추","10키로망대","특","12,025","12,046","11,561"
"2023-04-13","배추","10키로망대","특","12,046","12,277","11,800"
"2023-04-12","배추","10키로망대","특","12,277","11,885","12,060"
"2023-04-11","배추","10키로망대","특","11,885","11,457","0"
"2023-04-10","배추","10키로망대","특","11,457","0","0"
"2023-04-08","배추","10키로망대","특","11,616","0","0"
"2023-04-07","배추","10키로망대","특","13,257","0","0"
"2023-04-06","배추","10키로망대","특","12,177","0","0"
"2023-04-05","배추","10키로망대","특","11,693","0","0"
"2023-04-04","배추","10키로망대","특","11,418","0","0"
"2023-04-03","배추","10키로망대","특","10,903","0","0"
"2023-04-01","배추","10키로망대","특","9,072","8,695","11,556"
"2023-03-31","배추","10키로망대","특","8,695","6,978","11,785"
"2023-03-30","배추","10키로망대","특","6,978","8,031","10,963"
"2023-03-29","배추","10키로망대","특","8,031","8,556","11,257"
"2023-03-28","배추","10키로망대","특","8,556","8,953","0"
"2023-03-27","배추","10키로망대","특","8,953","0","11,089"
"2023-03-26","배추","10키로망대","특","0","8,603","11,068"
"2023-03-25","배추","10키로망대","특","8,603","8,279","10,463"
"2023-03-24","배추","10키로망대","특","8,279","8,555","10,809"
"2023-03-23","배추","10키로망대","특","8,555","8,420","11,034"
"2023-03-22","배추","10키로망대","특","8,420","8,199","11,355"
"2023-03-21","배추","10키로망대","특","8,199","7,570","0"
"2023-03-20","배추","10키로망대","특","7,570","0","10,642"
"2023-03-19","배추","10키로망대","특","0","8,500","10,550"
"2023-03-18","배추","10키로망대","특","8,500","8,414","10,763"
"2023-03-17","배추","10키로망대","특","8,414","8,300","10,092"
"2023-03-16","배추","10키로망대","특","8,300","8,168","10,619"
"2023-03-15","배추","10키로망대","특","8,168","8,369","10,800"
"2023-03-14","배추","10키로망대","특","8,369","8,684","0"
"2023-03-13","배추","10키로망대","특","8,684","0","10,263"
"2023-03-12","배추","10키로망대","특","0","8,600","10,273"
"2023-03-11","배추","10키로망대","특","8,600","7,875","9,980"
"2023-03-10","배추","10키로망대","특","7,875","0","0"
"2023-03-09","배추","10키로망대","특","8,119","0","0"
"2023-03-08","배추","10키로망대","특","8,999","0","0"
"2023-03-07","배추","10키로망대","특","10,248","0","0"
"2023-03-06","배추","10키로망대","특","8,833","0","0"
"2023-03-04","배추","10키로망대","특","8,392","0","0"
"2023-03-03","배추","10키로망대","특","7,954","0","0"
"2023-03-02","배추","10키로망대","특","7,686","0","0"
"2023-03-01","배추","10키로망대","특","7,086","6,416","9,247"
"2023-02-28","배추","10키로망대","특","6,416","7,500","0"
"2023-02-27","배추","10키로망대","특","7,500","0","9,600"
"2023-02-26","배추","10키로망대","특","0","7,100","9,708"
"2023-02-25","배추","10키로망대","특","7,100","6,535","9,365"
"2023-02-24","배추","10키로망대","특","6,535","6,460","9,128"
"2023-02-23","배추","10키로망대","특","6,460","6,280","9,357"
"2023-02-22","배추","10키로망대","특","6,280","6,395","9,142"
"2023-02-21","배추","10키로망대","특","6,395","7,460","0"
"2023-02-20","배추","10키로망대","특","7,460","0","10,000"
"2023-02-19","배추","10키로망대","특","0","6,700","9,314"
"2023-02-18","배추","10키로망대","특","6,700","6,300","9,228"
"2023-02-17","배추","10키로망대","특","6,300","7,195","10,196"
"2023-02-16","배추","10키로망대","특","7,195","7,988","9,449"
"2023-02-15","배추","10키로망대","특","7,988","6,700","9,467"
"2023-02-14","배추","10키로망대","특","6,700","6,529","0"
"2023-02-13","배추","10키로망대","특","6,529","0","9,175"
"2023-02-12","배추","10키로망대","특","0","6,700","9,078"
"2023-02-11","배추","10키로망대","특","6,700","6,308","9,135"
"2023-02-10","배추","10키로망대","특","6,308","0","0"
"2023-02-09","배추","10키로망대","특","5,840","0","0"
"2023-02-08","배추","10키로망대","특","5,524","0","0"
"2023-02-07","배추","10키로망대","특","5,782","0","0"
"2023-02-06","배추","10키로망대","특","5,681","0","0"
"2023-02-04","배추","10키로망대","특","5,505","0","0"
"2023-02-03","배추","10키로망대","특","5,536","0","0"
"2023-02-02","배추","10키로망대","특","5,951","0","0"
"2023-02-01","배추","10키로망대","특","6,239","7,100","0"
"2023-01-31","배추","10키로망대","특","7,100","6,768","0"
"2023-01-30","배추","10키로망대","특","6,768","0","9,397"
"2023-01-29","배추","10키로망대","특","0","6,400","8,305"
"2023-01-28","배추","10키로망대","특","6,400","6,678","7,901"
"2023-01-27","배추","10키로망대","특","6,678","5,200","7,923"
"2023-01-26","배추","10키로망대","특","5,200","5,200","8,495"
"2023-01-25","배추","10키로망대","특","5,200","0","8,361"
"2023-01-23","배추","10키로망대","특","0","0","9,200"
"2023-01-22","배추","10키로망대","특","0","4,288","8,135"
"2023-01-21","배추","10키로망대","특","4,288","4,288","8,251"
"2023-01-20","배추","10키로망대","특","4,288","4,300","8,500"
"2023-01-19","배추","10키로망대","특","4,300","4,500","8,055"
"2023-01-18","배추","10키로망대","특","4,500","4,435","8,277"
"2023-01-17","배추","10키로망대","특","4,435","4,535","0"
"2023-01-16","배추","10키로망대","특","4,535","0","9,661"
"2023-01-15","배추","10키로망대","특","0","4,300","8,800"
"2023-01-14","배추","10키로망대","특","4,300","4,600","8,537"
"2023-01-13","배추","10키로망대","특","4,600","4,728","8,680"
"2023-01-12","배추","10키로망대","특","4,728","4,374","7,854"
"2023-01-11","배추","10키로망대","특","4,374","4,094","8,041"
"2023-01-10","배추","10키로망대","특","4,094","0","0"
"2023-01-09","배추","10키로망대","특","4,317","0","0"
"2023-01-07","배추","10키로망대","특","4,685","0","0"
"2023-01-06","배추","10키로망대","특","4,700","0","0"
"2023-01-05","배추","10키로망대","특","4,690","0","0"
"2023-01-04","배추","10키로망대","특","4,856","0","0"
"2023-01-03","배추","10키로망대","특","4,800","0","0"
"2023-01-01","배추","10키로망대","특","0","4,500","8,062"
"2022-12-31","배추","10키로망대","특","4,500","4,326","9,536"
"2022-12-30","배추","10키로망대","특","4,326","5,449","9,340"
"2022-12-29","배추","10키로망대","특","5,449","5,400","9,132"
"2022-12-28","배추","10키로망대","특","5,400","5,800","9,096"
"2022-12-27","배추","10키로망대","특","5,800","9,509","0"
"2022-12-26","배추","10키로망대","특","9,509","0","9,096"
"2022-12-25","배추","10키로망대","특","0","5,800","8,000"
"2022-12-24","배추","10키로망대","특","5,800","5,473","7,729"
"2022-12-23","배추","10키로망대","특","5,473","5,748","7,650"
"2022-12-22","배추","10키로망대","특","5,748","5,680","7,791"
"2022-12-21","배추","10키로망대","특","5,680","5,869","8,099"
"2022-12-20","배추","10키로망대","특","5,869","7,100","0"
"2022-12-19","배추","10키로망대","특","7,100","0","8,000"
"2022-12-18","배추","10키로망대","특","0","5,300","8,000"
"2022-12-17","배추","10키로망대","특","5,300","4,500","7,892"
"2022-12-16","배추","10키로망대","특","4,500","3,764","8,300"
"2022-12-15","배추","10키로망대","특","3,764","4,570","8,550"
"2022-12-14","배추","10키로망대","특","4,570","4,835","9,465"
"2022-12-13","배추","10키로망대","특","4,835","5,116","0"
"2022-12-12","배추","10키로망대","특","5,116","0","8,000"
"2022-12-11","배추","10키로망대","특","0","5,093","8,158"
"2022-12-10","배추","10키로망대","특","5,093","0","0"
"2022-12-09","배추","10키로망대","특","5,426","0","0"
"2022-12-08","배추","10키로망대","특","5,173","0","0"
"2022-12-07","배추","10키로망대","특","4,550","0","0"
"2022-12-06","배추","10키로망대","특","5,000","0","0"
"2022-12-05","배추","10키로망대","특","5,601","0","0"
"2022-12-03","배추","10키로망대","특","6,039","0","0"
"2022-12-02","배추","10키로망대","특","5,560","0","0"
"2022-12-01","배추","10키로망대","특","5,624","5,740","10,195"
"2022-11-30","배추","10키로망대","특","5,740","6,448","11,651"
"2022-11-29","배추","10키로망대","특","6,448","5,965","0"
"2022-11-28","배추","10키로망대","특","5,965","0","11,047"
"2022-11-27","배추","10키로망대","특","0","6,907","10,638"
"2022-11-26","배추","10키로망대","특","6,907","7,553","10,931"
"2022-11-25","배추","10키로망대","특","7,553","6,270","11,699"
"2022-11-24","배추","10키로망대","특","6,270","6,765","10,447"
"2022-11-23","배추","10키로망대","특","6,765","5,839","12,026"
"2022-11-22","배추","10키로망대","특","5,839","6,047","0"
"2022-11-21","배추","10키로망대","특","6,047","0","12,602"
"2022-11-20","배추","10키로망대","특","0","6,858","12,852"
"2022-11-19","배추","10키로망대","특","6,858","7,440","13,082"
"2022-11-18","배추","10키로망대","특","7,440","6,655","10,473"
"2022-11-17","배추","10키로망대","특","6,655","5,838","10,147"
"2022-11-16","배추","10키로망대","특","5,838","6,902","12,693"
"2022-11-15","배추","10키로망대","특","6,902","7,705","0"
"2022-11-14","배추","10키로망대","특","7,705","0","14,255"
"2022-11-13","배추","10키로망대","특","0","8,178","14,540"
"2022-11-12","배추","10키로망대","특","8,178","7,475","13,906"
"2022-11-11","배추","10키로망대","특","7,475","7,184","12,661"
"2022-11-10","배추","10키로망대","특","7,184","0","0"
"2022-11-09","배추","10키로망대","특","7,360","0","0"
"2022-11-08","배추","10키로망대","특","7,207","0","0"
"2022-11-07","배추","10키로망대","특","7,512","0","0"
"2022-11-05","배추","10키로망대","특","7,952","0","0"
"2022-11-04","배추","10키로망대","특","7,638","0","0"
"2022-11-03","배추","10키로망대","특","7,607","0","0"
"2022-11-02","배추","10키로망대","특","6,950","0","0"
"2022-11-01","배추","10키로망대","특","7,416","7,852","0"
"2022-10-31","배추","10키로망대","특","7,852","0","8,913"
"2022-10-30","배추","10키로망대","특","0","7,908","8,311"
"2022-10-29","배추","10키로망대","특","7,908","8,996","7,959"
"2022-10-28","배추","10키로망대","특","8,996","10,135","7,973"
"2022-10-27","배추","10키로망대","특","10,135","9,091","8,320"
"2022-10-26","배추","10키로망대","특","9,091","9,415","8,489"
"2022-10-25","배추","10키로망대","특","9,415","9,424","0"
"2022-10-24","배추","10키로망대","특","9,424","0","9,105"
"2022-10-23","배추","10키로망대","특","0","10,490","8,247"
"2022-10-22","배추","10키로망대","특","10,490","8,958","6,948"
"2022-10-21","배추","10키로망대","특","8,958","9,091","6,689"
"2022-10-20","배추","10키로망대","특","9,091","9,140","6,937"
"2022-10-19","배추","10키로망대","특","9,140","10,200","7,371"
"2022-10-18","배추","10키로망대","특","10,200","10,936","0"
"2022-10-17","배추","10키로망대","특","10,936","0","6,375"
"2022-10-16","배추","10키로망대","특","0","13,200","5,821"
"2022-10-15","배추","10키로망대","특","13,200","12,018","5,148"
"2022-10-14","배추","10키로망대","특","12,018","12,813","5,854"
"2022-10-13","배추","10키로망대","특","12,813","12,574","6,053"
"2022-10-12","배추","10키로망대","특","12,574","14,323","6,280"
"2022-10-11","배추","10키로망대","특","14,323","15,989","0"
"2022-10-10","배추","10키로망대","특","15,989","0","0"
"2022-10-08","배추","10키로망대","특","15,199","0","0"
"2022-10-07","배추","10키로망대","특","18,426","0","0"
"2022-10-06","배추","10키로망대","특","17,779","0","0"
"2022-10-05","배추","10키로망대","특","25,378","0","0"
"2022-10-04","배추","10키로망대","특","29,198","0","0"
"2022-10-03","배추","10키로망대","특","27,386","0","0"
"2022-10-01","배추","10키로망대","특","23,891","23,988","12,227"
"2022-09-30","배추","10키로망대","특","23,988","24,730","11,682"
"2022-09-29","배추","10키로망대","특","24,730","25,352","11,164"
"2022-09-28","배추","10키로망대","특","25,352","28,258","13,597"
"2022-09-27","배추","10키로망대","특","28,258","30,941","0"
"2022-09-26","배추","10키로망대","특","30,941","0","15,688"
"2022-09-25","배추","10키로망대","특","0","29,109","16,017"
"2022-09-24","배추","10키로망대","특","29,109","32,499","0"
"2022-09-23","배추","10키로망대","특","32,499","37,589","0"
"2022-09-22","배추","10키로망대","특","37,589","35,588","0"
"2022-09-21","배추","10키로망대","특","35,588","41,793","0"
"2022-09-20","배추","10키로망대","특","41,793","37,299","0"
"2022-09-19","배추","10키로망대","특","37,299","0","25,302"
"2022-09-18","배추","10키로망대","특","0","36,110","16,425"
"2022-09-17","배추","10키로망대","특","36,110","32,765","17,351"
"2022-09-16","배추","10키로망대","특","32,765","31,229","16,956"
"2022-09-15","배추","10키로망대","특","31,229","36,672","17,265"
"2022-09-14","배추","10키로망대","특","36,672","38,619","16,157"
"2022-09-13","배추","10키로망대","특","38,619","0","0"
"2022-09-12","배추","10키로망대","특","0","0","16,051"
"2022-09-11","배추","10키로망대","특","0","0","15,596"
"2022-09-09","배추","10키로망대","특","24,161","0","0"
"2022-09-08","배추","10키로망대","특","38,541","0","0"
"2022-09-07","배추","10키로망대","특","42,451","0","0"
"2022-09-06","배추","10키로망대","특","39,134","0","0"
"2022-09-05","배추","10키로망대","특","38,936","0","0"
"2022-09-03","배추","10키로망대","특","35,303","0","0"
"2022-09-02","배추","10키로망대","특","32,536","0","0"
"2022-09-01","배추","10키로망대","특","33,182","26,766","11,186"
"2022-08-31","배추","10키로망대","특","26,766","25,455","12,468"
"2022-08-30","배추","10키로망대","특","25,455","25,416","0"
"2022-08-29","배추","10키로망대","특","25,416","0","13,453"
"2022-08-28","배추","10키로망대","특","0","22,313","13,425"
"2022-08-27","배추","10키로망대","특","22,313","21,611","12,335"
"2022-08-26","배추","10키로망대","특","21,611","19,710","15,398"
"2022-08-25","배추","10키로망대","특","19,710","19,205","11,843"
"2022-08-24","배추","10키로망대","특","19,205","19,914","11,258"
"2022-08-23","배추","10키로망대","특","19,914","18,300","0"
"2022-08-22","배추","10키로망대","특","18,300","0","10,326"
"2022-08-21","배추","10키로망대","특","0","19,015","9,474"
"2022-08-20","배추","10키로망대","특","19,015","18,862","10,569"
"2022-08-19","배추","10키로망대","특","18,862","17,170","12,903"
"2022-08-18","배추","10키로망대","특","17,170","17,979","8,873"
"2022-08-17","배추","10키로망대","특","17,979","17,430","10,138"
"2022-08-16","배추","10키로망대","특","17,430","18,502","0"
"2022-08-15","배추","10키로망대","특","18,502","0","9,500"
"2022-08-14","배추","10키로망대","특","0","19,491","10,944"
"2022-08-13","배추","10키로망대","특","19,491","16,687","8,909"
"2022-08-12","배추","10키로망대","특","16,687","19,789","10,087"
"2022-08-11","배추","10키로망대","특","19,789","20,222","11,852"
"2022-08-10","배추","10키로망대","특","20,222","0","0"
"2022-08-09","배추","10키로망대","특","17,516","0","0"
"2022-08-08","배추","10키로망대","특","18,640","0","0"
"2022-08-06","배추","10키로망대","특","19,856","0","0"
"2022-08-05","배추","10키로망대","특","19,856","0","0"
"2022-08-04","배추","10키로망대","특","19,804","0","0"
"2022-08-03","배추","10키로망대","특","19,654","0","0"
"2022-08-02","배추","10키로망대","특","20,510","0","0"
"2022-08-01","배추","10키로망대","특","20,271","0","12,575"
"2022-07-31","배추","10키로망대","특","0","17,728","10,457"
"2022-07-30","배추","10키로망대","특","17,728","18,752","9,672"
"2022-07-29","배추","10키로망대","특","18,752","22,681","9,586"
"2022-07-28","배추","10키로망대","특","22,681","23,687","8,907"
"2022-07-27","배추","10키로망대","특","23,687","24,978","8,643"
"2022-07-26","배추","10키로망대","특","24,978","24,838","0"
"2022-07-25","배추","10키로망대","특","24,838","0","5,908"
"2022-07-24","배추","10키로망대","특","0","29,079","4,847"
"2022-07-23","배추","10키로망대","특","29,079","24,446","5,807"
"2022-07-22","배추","10키로망대","특","24,446","20,601","4,930"
"2022-07-21","배추","10키로망대","특","20,601","22,587","7,100"
"2022-07-20","배추","10키로망대","특","22,587","21,321","6,540"
"2022-07-19","배추","10키로망대","특","21,321","21,538","0"
"2022-07-18","배추","10키로망대","특","21,538","0","8,200"
"2022-07-17","배추","10키로망대","특","0","17,843","5,639"
"2022-07-16","배추","10키로망대","특","17,843","16,329","4,300"
"2022-07-15","배추","10키로망대","특","16,329","16,562","4,028"
"2022-07-14","배추","10키로망대","특","16,562","13,505","4,945"
"2022-07-13","배추","10키로망대","특","13,505","15,961","7,109"
"2022-07-12","배추","10키로망대","특","15,961","13,554","0"
"2022-07-11","배추","10키로망대","특","13,554","0","5,448"
"2022-07-09","배추","10키로망대","특","14,066","0","0"
"2022-07-08","배추","10키로망대","특","9,768","0","0"
"2022-07-07","배추","10키로망대","특","12,848","0","0"
"2022-07-06","배추","10키로망대","특","11,938","0","0"
"2022-07-05","배추","10키로망대","특","11,000","0","0"
"2022-07-04","배추","10키로망대","특","10,079","0","0"
"2022-07-02","배추","10키로망대","특","10,003","0","0"
"2022-07-01","배추","10키로망대","특","11,000","12,771","5,856"
"2022-06-30","배추","10키로망대","특","12,771","9,704","6,713"
"2022-06-29","배추","10키로망대","특","9,704","9,700","6,500"
"2022-06-28","배추","10키로망대","특","9,700","10,211","0"
"2022-06-27","배추","10키로망대","특","10,211","0","6,200"
"2022-06-26","배추","10키로망대","특","0","11,062","5,318"
"2022-06-25","배추","10키로망대","특","11,062","10,674","6,043"
"2022-06-24","배추","10키로망대","특","10,674","11,308","5,891"
"2022-06-23","배추","10키로망대","특","11,308","10,870","7,090"
"2022-06-22","배추","10키로망대","특","10,870","10,219","6,770"
"2022-06-21","배추","10키로망대","특","10,219","10,379","0"
"2022-06-20","배추","10키로망대","특","10,379","0","6,165"
"2022-06-19","배추","10키로망대","특","0","8,082","5,998"
"2022-06-18","배추","10키로망대","특","8,082","8,307","5,542"
"2022-06-17","배추","10키로망대","특","8,307","9,674","5,359"
"2022-06-16","배추","10키로망대","특","9,674","9,246","6,082"
"2022-06-15","배추","10키로망대","특","9,246","10,318","5,788"
"2022-06-14","배추","10키로망대","특","10,318","9,449","0"
"2022-06-13","배추","10키로망대","특","9,449","0","7,800"
"2022-06-12","배추","10키로망대","특","0","7,831","6,736"
"2022-06-11","배추","10키로망대","특","7,831","8,645","7,474"
"2022-06-10","배추","10키로망대","특","8,645","0","0"
"2022-06-09","배추","10키로망대","특","9,144","0","0"
"2022-06-08","배추","10키로망대","특","10,306","0","0"
"2022-06-07","배추","10키로망대","특","10,970","0","0"
"2022-06-06","배추","10키로망대","특","10,201","0","0"
"2022-06-04","배추","10키로망대","특","11,364","0","0"
"2022-06-03","배추","10키로망대","특","11,300","0","0"
"2022-06-02","배추","10키로망대","특","11,157","0","0"
"2022-06-01","배추","10키로망대","특","10,658","11,255","7,789"
"2022-05-31","배추","10키로망대","특","11,255","9,012","0"
"2022-05-30","배추","10키로망대","특","9,012","0","5,753"
"2022-05-29","배추","10키로망대","특","0","9,000","7,066"
"2022-05-28","배추","10키로망대","특","9,000","9,151","6,359"
"2022-05-27","배추","10키로망대","특","9,151","8,587","5,835"
"2022-05-26","배추","10키로망대","특","8,587","8,636","6,174"
"2022-05-25","배추","10키로망대","특","8,636","8,980","6,071"
"2022-05-24","배추","10키로망대","특","8,980","9,361","0"
"2022-05-23","배추","10키로망대","특","9,361","0","6,300"
"2022-05-22","배추","10키로망대","특","0","8,936","7,800"
"2022-05-21","배추","10키로망대","특","8,936","9,585","5,958"
"2022-05-20","배추","10키로망대","특","9,585","9,424","5,000"
"2022-05-19","배추","10키로망대","특","9,424","12,499","5,073"
"2022-05-18","배추","10키로망대","특","12,499","11,223","6,253"
"2022-05-17","배추","10키로망대","특","11,223","12,132","0"
"2022-05-16","배추","10키로망대","특","12,132","0","5,665"
"2022-05-15","배추","10키로망대","특","0","12,600","3,896"
"2022-05-14","배추","10키로망대","특","12,600","12,019","5,040"
"2022-05-13","배추","10키로망대","특","12,019","12,321","6,570"
"2022-05-12","배추","10키로망대","특","12,321","11,644","9,113"
"2022-05-11","배추","10키로망대","특","11,644","12,323","9,497"
"2022-05-10","배추","10키로망대","특","12,323","0","0"
"2022-05-09","배추","10키로망대","특","12,208","0","0"
"2022-05-07","배추","10키로망대","특","12,915","0","0"
"2022-05-06","배추","10키로망대","특","13,499","0","0"
"2022-05-05","배추","10키로망대","특","12,056","0","0"
"2022-05-04","배추","10키로망대","특","11,502","0","0"
"2022-05-03","배추","10키로망대","특","12,114","0","0"
"2022-05-02","배추","10키로망대","특","12,268","0","0"
"2022-05-01","배추","10키로망대","특","0","11,786","12,053"
"2022-04-30","배추","10키로망대","특","11,786","11,783","11,672"
"2022-04-29","배추","10키로망대","특","11,783","12,012","12,100"
"2022-04-28","배추","10키로망대","특","12,012","12,679","11,714"
"2022-04-27","배추","10키로망대","특","12,679","12,188","12,119"
"2022-04-26","배추","10키로망대","특","12,188","12,079","0"
"2022-04-25","배추","10키로망대","특","12,079","0","11,698"
"2022-04-24","배추","10키로망대","특","0","11,800","11,528"
"2022-04-23","배추","10키로망대","특","11,800","12,087","10,581"
"2022-04-22","배추","10키로망대","특","12,087","12,189","10,459"
"2022-04-21","배추","10키로망대","특","12,189","12,229","11,013"
"2022-04-20","배추","10키로망대","특","12,229","12,400","11,761"
"2022-04-19","배추","10키로망대","특","12,400","11,973","0"
"2022-04-18","배추","10키로망대","특","11,973","0","11,500"
"2022-04-17","배추","10키로망대","특","0","11,300","11,426"
"2022-04-16","배추","10키로망대","특","11,300","11,600","10,862"
"2022-04-15","배추","10키로망대","특","11,600","11,375","11,006"
"2022-04-14","배추","10키로망대","특","11,375","11,561","11,443"
"2022-04-13","배추","10키로망대","특","11,561","11,800","10,875"
"2022-04-12","배추","10키로망대","특","11,800","12,060","0"
"2022-04-11","배추","10키로망대","특","12,060","0","11,494"
"2022-04-09","배추","10키로망대","특","11,487","0","0"
"2022-04-08","배추","10키로망대","특","11,608","0","0"
"2022-04-07","배추","10키로망대","특","11,820","0","0"
"2022-04-06","배추","10키로망대","특","11,624","0","0"
"2022-04-05","배추","10키로망대","특","12,032","0","0"
"2022-04-04","배추","10키로망대","특","11,911","0","0"
"2022-04-02","배추","10키로망대","특","11,793","0","0"
"2022-04-01","배추","10키로망대","특","12,019","11,556","10,484"
"2022-03-31","배추","10키로망대","특","11,556","11,785","10,887"
"2022-03-30","배추","10키로망대","특","11,785","10,963","11,596"
"2022-03-29","배추","10키로망대","특","10,963","11,257","0"
"2022-03-28","배추","10키로망대","특","11,257","0","11,600"
"2022-03-27","배추","10키로망대","특","0","11,089","11,336"
"2022-03-26","배추","10키로망대","특","11,089","11,068","10,939"
"2022-03-25","배추","10키로망대","특","11,068","10,463","11,260"
"2022-03-24","배추","10키로망대","특","10,463","10,809","10,632"
"2022-03-23","배추","10키로망대","특","10,809","11,034","10,946"
"2022-03-22","배추","10키로망대","특","11,034","11,355","0"
"2022-03-21","배추","10키로망대","특","11,355","0","10,500"
"2022-03-20","배추","10키로망대","특","0","10,642","9,800"
"2022-03-19","배추","10키로망대","특","10,642","10,550","9,400"
"2022-03-18","배추","10키로망대","특","10,550","10,763","10,814"
"2022-03-17","배추","10키로망대","특","10,763","10,092","10,774"
"2022-03-16","배추","10키로망대","특","10,092","10,619","11,478"
"2022-03-15","배추","10키로망대","특","10,619","10,800","0"
"2022-03-14","배추","10키로망대","특","10,800","0","10,873"
"2022-03-13","배추","10키로망대","특","0","10,263","10,873"
"2022-03-12","배추","10키로망대","특","10,263","10,273","10,502"
"2022-03-11","배추","10키로망대","특","10,273","9,980","10,763"
"2022-03-10","배추","10키로망대","특","9,980","0","0"
"2022-03-09","배추","10키로망대","특","9,315","0","0"
"2022-03-08","배추","10키로망대","특","9,103","0","0"
"2022-03-07","배추","10키로망대","특","8,892","0","0"
"2022-03-05","배추","10키로망대","특","9,155","0","0"
"2022-03-04","배추","10키로망대","특","9,820","0","0"
"2022-03-03","배추","10키로망대","특","9,932","0","0"
"2022-03-02","배추","10키로망대","특","10,682","0","0"
"2022-03-01","배추","10키로망대","특","10,143","9,247","0"
"2022-02-28","배추","10키로망대","특","9,247","0","10,183"
"2022-02-27","배추","10키로망대","특","0","9,600","11,200"
"2022-02-26","배추","10키로망대","특","9,600","9,708","10,700"
"2022-02-25","배추","10키로망대","특","9,708","9,365","11,174"
"2022-02-24","배추","10키로망대","특","9,365","9,128","11,359"
"2022-02-23","배추","10키로망대","특","9,128","9,357","10,636"
"2022-02-22","배추","10키로망대","특","9,357","9,142","0"
"2022-02-21","배추","10키로망대","특","9,142","0","10,569"
"2022-02-20","배추","10키로망대","특","0","10,000","10,800"
"2022-02-19","배추","10키로망대","특","10,000","9,314","10,300"
"2022-02-18","배추","10키로망대","특","9,314","9,228","10,088"
"2022-02-17","배추","10키로망대","특","9,228","10,196","9,528"
"2022-02-16","배추","10키로망대","특","10,196","9,449","8,742"
"2022-02-15","배추","10키로망대","특","9,449","9,467","0"
"2022-02-14","배추","10키로망대","특","9,467","0","0"
"2022-02-13","배추","10키로망대","특","0","9,175","0"
"2022-02-12","배추","10키로망대","특","9,175","9,078","8,155"
"2022-02-11","배추","10키로망대","특","9,078","9,135","8,155"
"2022-02-10","배추","10키로망대","특","9,135","0","0"
"2022-02-09","배추","10키로망대","특","9,285","0","0"
"2022-02-08","배추","10키로망대","특","8,900","0","0"
"2022-02-07","배추","10키로망대","특","8,722","0","0"
"2022-02-05","배추","10키로망대","특","9,400","0","0"
"2022-02-04","배추","10키로망대","특","9,522","0","0"
"2022-01-31","배추","10키로망대","특","0","0","7,500"
"2022-01-30","배추","10키로망대","특","0","9,397","7,859"
"2022-01-29","배추","10키로망대","특","9,397","8,305","7,716"
"2022-01-28","배추","10키로망대","특","8,305","7,901","8,100"
"2022-01-27","배추","10키로망대","특","7,901","7,923","7,200"
"2022-01-26","배추","10키로망대","특","7,923","8,495","6,682"
"2022-01-25","배추","10키로망대","특","8,495","8,361","0"
"2022-01-24","배추","10키로망대","특","8,361","0","5,100"
"2022-01-23","배추","10키로망대","특","0","9,200","5,149"
"2022-01-22","배추","10키로망대","특","9,200","8,135","4,870"
"2022-01-21","배추","10키로망대","특","8,135","8,251","5,258"
"2022-01-20","배추","10키로망대","특","8,251","8,500","6,000"
"2022-01-19","배추","10키로망대","특","8,500","8,055","5,868"
"2022-01-18","배추","10키로망대","특","8,055","8,277","0"
"2022-01-17","배추","10키로망대","특","8,277","0","5,400"
"2022-01-16","배추","10키로망대","특","0","9,661","5,500"
"2022-01-15","배추","10키로망대","특","9,661","8,800","5,100"
"2022-01-14","배추","10키로망대","특","8,800","8,537","5,500"
"2022-01-13","배추","10키로망대","특","8,537","8,680","4,663"
"2022-01-12","배추","10키로망대","특","8,680","7,854","5,200"
"2022-01-11","배추","10키로망대","특","7,854","8,041","0"
"2022-01-10","배추","10키로망대","특","8,041","0","0"
"2022-01-08","배추","10키로망대","특","8,100","0","0"
"2022-01-07","배추","10키로망대","특","7,918","0","0"
"2022-01-06","배추","10키로망대","특","7,523","0","0"
"2022-01-05","배추","10키로망대","특","8,943","0","0"
"2022-01-04","배추","10키로망대","특","9,121","0","0"
"2022-01-03","배추","10키로망대","특","9,581","0","0"
"2022-01-01","배추","10키로망대","특","0","8,062","2,800"
"2021-12-31","배추","10키로망대","특","8,062","9,536","4,381"
"2021-12-30","배추","10키로망대","특","9,536","9,340","4,300"
"2021-12-29","배추","10키로망대","특","9,340","9,132","3,956"
"2021-12-28","배추","10키로망대","특","9,132","9,096","0"
"2021-12-27","배추","10키로망대","특","9,096","0","3,700"
"2021-12-26","배추","10키로망대","특","0","9,096","3,562"
"2021-12-25","배추","10키로망대","특","9,096","8,000","3,683"
"2021-12-24","배추","10키로망대","특","8,000","7,729","3,543"
"2021-12-23","배추","10키로망대","특","7,729","7,650","3,793"
"2021-12-22","배추","10키로망대","특","7,650","7,791","4,216"
"2021-12-21","배추","10키로망대","특","7,791","8,099","0"
"2021-12-20","배추","10키로망대","특","8,099","0","4,500"
"2021-12-19","배추","10키로망대","특","0","8,000","3,800"
"2021-12-18","배추","10키로망대","특","8,000","8,000","3,700"
"2021-12-17","배추","10키로망대","특","8,000","7,892","3,600"
"2021-12-16","배추","10키로망대","특","7,892","8,300","4,277"
"2021-12-15","배추","10키로망대","특","8,300","8,550","5,213"
"2021-12-14","배추","10키로망대","특","8,550","9,465","0"
"2021-12-13","배추","10키로망대","특","9,465","0","4,500"
"2021-12-12","배추","10키로망대","특","0","8,000","4,559"
"2021-12-11","배추","10키로망대","특","8,000","8,158","4,126"
"2021-12-10","배추","10키로망대","특","8,158","0","0"
"2021-12-09","배추","10키로망대","특","8,962","0","0"
"2021-12-08","배추","10키로망대","특","9,339","0","0"
"2021-12-07","배추","10키로망대","특","9,515","0","0"
"2021-12-06","배추","10키로망대","특","9,388","0","0"
"2021-12-04","배추","10키로망대","특","9,796","0","0"
"2021-12-03","배추","10키로망대","특","10,235","0","0"
"2021-12-02","배추","10키로망대","특","11,490","0","0"
"2021-12-01","배추","10키로망대","특","10,002","10,195","4,846"
"2021-11-30","배추","10키로망대","특","10,195","11,651","0"
"2021-11-29","배추","10키로망대","특","11,651","0","6,505"
"2021-11-28","배추","10키로망대","특","0","11,047","7,077"
"2021-11-27","배추","10키로망대","특","11,047","10,638","6,607"
"2021-11-26","배추","10키로망대","특","10,638","10,931","6,035"
"2021-11-25","배추","10키로망대","특","10,931","11,699","6,440"
"2021-11-24","배추","10키로망대","특","11,699","10,447","7,311"
"2021-11-23","배추","10키로망대","특","10,447","12,026","0"
"2021-11-22","배추","10키로망대","특","12,026","0","8,209"
"2021-11-21","배추","10키로망대","특","0","12,602","10,372"
"2021-11-20","배추","10키로망대","특","12,602","12,852","8,730"
"2021-11-19","배추","10키로망대","특","12,852","13,082","7,363"
"2021-11-18","배추","10키로망대","특","13,082","10,473","7,563"
"2021-11-17","배추","10키로망대","특","10,473","10,147","7,271"
"2021-11-16","배추","10키로망대","특","10,147","12,693","0"
"2021-11-15","배추","10키로망대","특","12,693","0","8,275"
"2021-11-14","배추","10키로망대","특","0","14,255","8,626"
"2021-11-13","배추","10키로망대","특","14,255","14,540","7,616"
"2021-11-12","배추","10키로망대","특","14,540","13,906","7,474"
"2021-11-11","배추","10키로망대","특","13,906","12,661","7,317"
"2021-11-10","배추","10키로망대","특","12,661","0","0"
"2021-11-09","배추","10키로망대","특","12,674","0","0"
"2021-11-08","배추","10키로망대","특","12,664","0","0"
"2021-11-06","배추","10키로망대","특","12,865","0","0"
"2021-11-05","배추","10키로망대","특","12,486","0","0"
"2021-11-04","배추","10키로망대","특","10,456","0","0"
"2021-11-03","배추","10키로망대","특","10,038","0","0"
"2021-11-02","배추","10키로망대","특","9,201","0","0"
"2021-11-01","배추","10키로망대","특","9,027","0","6,055"
"2021-10-31","배추","10키로망대","특","0","8,913","6,712"
"2021-10-30","배추","10키로망대","특","8,913","8,311","6,711"
"2021-10-29","배추","10키로망대","특","8,311","7,959","6,733"
"2021-10-28","배추","10키로망대","특","7,959","7,973","7,405"
"2021-10-27","배추","10키로망대","특","7,973","8,320","7,366"
"2021-10-26","배추","10키로망대","특","8,320","8,489","0"
"2021-10-25","배추","10키로망대","특","8,489","0","7,916"
"2021-10-24","배추","10키로망대","특","0","9,105","7,662"
"2021-10-23","배추","10키로망대","특","9,105","8,247","8,151"
"2021-10-22","배추","10키로망대","특","8,247","6,948","8,323"
"2021-10-21","배추","10키로망대","특","6,948","6,689","8,708"
"2021-10-20","배추","10키로망대","특","6,689","6,937","9,334"
"2021-10-19","배추","10키로망대","특","6,937","7,371","0"
"2021-10-18","배추","10키로망대","특","7,371","0","8,968"
"2021-10-17","배추","10키로망대","특","0","6,375","9,327"
"2021-10-16","배추","10키로망대","특","6,375","5,821","10,806"
"2021-10-15","배추","10키로망대","특","5,821","5,148","11,311"
"2021-10-14","배추","10키로망대","특","5,148","5,854","11,373"
"2021-10-13","배추","10키로망대","특","5,854","6,053","14,338"
"2021-10-12","배추","10키로망대","특","6,053","6,280","0"
"2021-10-11","배추","10키로망대","특","6,280","0","14,987"
"2021-10-09","배추","10키로망대","특","5,686","0","0"
"2021-10-08","배추","10키로망대","특","5,652","0","0"
"2021-10-07","배추","10키로망대","특","7,937","0","0"
"2021-10-06","배추","10키로망대","특","9,435","0","0"
"2021-10-05","배추","10키로망대","특","9,209","0","0"
"2021-10-04","배추","10키로망대","특","8,620","0","0"
"2021-10-02","배추","10키로망대","특","10,894","0","0"
"2021-10-01","배추","10키로망대","특","12,331","12,227","23,995"
"2021-09-30","배추","10키로망대","특","12,227","11,682","31,987"
"2021-09-29","배추","10키로망대","특","11,682","11,164","31,713"
"2021-09-28","배추","10키로망대","특","11,164","13,597","0"
"2021-09-27","배추","10키로망대","특","13,597","0","32,731"
"2021-09-26","배추","10키로망대","특","0","15,688","30,136"
"2021-09-25","배추","10키로망대","특","15,688","16,017","30,578"
"2021-09-24","배추","10키로망대","특","16,017","0","29,764"
"2021-09-23","배추","10키로망대","특","0","0","30,434"
"2021-09-22","배추","10키로망대","특","0","0","32,272"
"2021-09-20","배추","10키로망대","특","0","0","31,671"
"2021-09-19","배추","10키로망대","특","0","25,302","30,217"
"2021-09-18","배추","10키로망대","특","25,302","16,425","32,634"
"2021-09-17","배추","10키로망대","특","16,425","17,351","33,090"
"2021-09-16","배추","10키로망대","특","17,351","16,956","32,510"
"2021-09-15","배추","10키로망대","특","16,956","17,265","32,293"
"2021-09-14","배추","10키로망대","특","17,265","16,157","0"
"2021-09-13","배추","10키로망대","특","16,157","0","27,963"
"2021-09-12","배추","10키로망대","특","0","16,051","26,848"
"2021-09-11","배추","10키로망대","특","16,051","15,596","25,354"
"2021-09-10","배추","10키로망대","특","15,596","0","0"
"2021-09-09","배추","10키로망대","특","15,674","0","0"
"2021-09-08","배추","10키로망대","특","15,680","0","0"
"2021-09-07","배추","10키로망대","특","15,951","0","0"
"2021-09-06","배추","10키로망대","특","14,780","0","0"
"2021-09-04","배추","10키로망대","특","13,884","0","0"
"2021-09-03","배추","10키로망대","특","13,878","0","0"
"2021-09-02","배추","10키로망대","특","16,622","0","0"
"2021-09-01","배추","10키로망대","특","13,912","11,186","19,016"
"2021-08-31","배추","10키로망대","특","11,186","12,468","0"
"2021-08-30","배추","10키로망대","특","12,468","0","24,149"
"2021-08-29","배추","10키로망대","특","0","13,453","30,226"
"2021-08-28","배추","10키로망대","특","13,453","13,425","29,290"
"2021-08-27","배추","10키로망대","특","13,425","12,335","24,828"
"2021-08-26","배추","10키로망대","특","12,335","15,398","25,441"
"2021-08-25","배추","10키로망대","특","15,398","11,843","30,301"
"2021-08-24","배추","10키로망대","특","11,843","11,258","0"
"2021-08-23","배추","10키로망대","특","11,258","0","24,085"
"2021-08-22","배추","10키로망대","특","0","10,326","23,414"
"2021-08-21","배추","10키로망대","특","10,326","9,474","23,902"
"2021-08-20","배추","10키로망대","특","9,474","10,569","23,569"
"2021-08-19","배추","10키로망대","특","10,569","12,903","24,366"
"2021-08-18","배추","10키로망대","특","12,903","8,873","25,446"
"2021-08-17","배추","10키로망대","특","8,873","10,138","0"
"2021-08-16","배추","10키로망대","특","10,138","0","22,375"
"2021-08-15","배추","10키로망대","특","0","9,500","21,648"
"2021-08-14","배추","10키로망대","특","9,500","10,944","21,310"
"2021-08-13","배추","10키로망대","특","10,944","8,909","19,234"
"2021-08-12","배추","10키로망대","특","8,909","10,087","18,982"
"2021-08-11","배추","10키로망대","특","10,087","11,852","17,333"
"2021-08-10","배추","10키로망대","특","11,852","0","0"
"2021-08-09","배추","10키로망대","특","12,179","0","0"
"2021-08-06","배추","10키로망대","특","11,531","0","0"
"2021-08-05","배추","10키로망대","특","11,902","0","0"
"2021-08-04","배추","10키로망대","특","11,336","0","0"
"2021-08-03","배추","10키로망대","특","13,200","0","0"
"2021-08-02","배추","10키로망대","특","11,459","0","0"
"2021-08-01","배추","10키로망대","특","0","12,575","16,260"
"2021-07-31","배추","10키로망대","특","12,575","10,457","13,356"
"2021-07-30","배추","10키로망대","특","10,457","9,672","12,461"
"2021-07-29","배추","10키로망대","특","9,672","9,586","13,273"
"2021-07-28","배추","10키로망대","특","9,586","8,907","12,766"
"2021-07-27","배추","10키로망대","특","8,907","8,643","0"
"2021-07-26","배추","10키로망대","특","8,643","0","15,581"
"2021-07-25","배추","10키로망대","특","0","5,908","16,242"
"2021-07-24","배추","10키로망대","특","5,908","4,847","12,869"
"2021-07-23","배추","10키로망대","특","4,847","5,807","12,492"
"2021-07-22","배추","10키로망대","특","5,807","4,930","17,799"
"2021-07-21","배추","10키로망대","특","4,930","7,100","16,554"
"2021-07-20","배추","10키로망대","특","7,100","6,540","0"
"2021-07-19","배추","10키로망대","특","6,540","0","11,235"
"2021-07-18","배추","10키로망대","특","0","8,200","11,860"
"2021-07-17","배추","10키로망대","특","8,200","5,639","12,770"
"2021-07-16","배추","10키로망대","특","5,639","4,300","13,490"
"2021-07-15","배추","10키로망대","특","4,300","4,028","12,418"
"2021-07-14","배추","10키로망대","특","4,028","4,945","11,514"
"2021-07-13","배추","10키로망대","특","4,945","7,109","0"
"2021-07-12","배추","10키로망대","특","7,109","0","15,400"
"2021-07-11","배추","10키로망대","특","0","5,448","10,547"
"2021-07-10","배추","10키로망대","특","5,448","0","0"
"2021-07-09","배추","10키로망대","특","6,034","0","0"
"2021-07-08","배추","10키로망대","특","5,973","0","0"
"2021-07-07","배추","10키로망대","특","6,086","0","0"
"2021-07-06","배추","10키로망대","특","5,496","0","0"
"2021-07-05","배추","10키로망대","특","9,244","0","0"
"2021-07-03","배추","10키로망대","특","5,758","0","0"
"2021-07-02","배추","10키로망대","특","5,373","0","0"
"2021-07-01","배추","10키로망대","특","5,705","5,856","8,692"
"2021-06-30","배추","10키로망대","특","5,856","6,713","7,841"
"2021-06-29","배추","10키로망대","특","6,713","6,500","0"
"2021-06-28","배추","10키로망대","특","6,500","0","9,064"
"2021-06-27","배추","10키로망대","특","0","6,200","7,454"
"2021-06-26","배추","10키로망대","특","6,200","5,318","10,300"
"2021-06-25","배추","10키로망대","특","5,318","6,043","10,966"
"2021-06-24","배추","10키로망대","특","6,043","5,891","7,967"
"2021-06-23","배추","10키로망대","특","5,891","7,090","11,017"
"2021-06-22","배추","10키로망대","특","7,090","6,770","0"
"2021-06-21","배추","10키로망대","특","6,770","0","6,931"
"2021-06-20","배추","10키로망대","특","0","6,165","7,286"
"2021-06-19","배추","10키로망대","특","6,165","5,998","8,010"
"2021-06-18","배추","10키로망대","특","5,998","5,542","9,403"
"2021-06-17","배추","10키로망대","특","5,542","5,359","10,825"
"2021-06-16","배추","10키로망대","특","5,359","6,082","12,400"
"2021-06-15","배추","10키로망대","특","6,082","5,788","0"
"2021-06-14","배추","10키로망대","특","5,788","0","6,682"
"2021-06-13","배추","10키로망대","특","0","7,800","9,400"
"2021-06-12","배추","10키로망대","특","7,800","6,736","8,219"
"2021-06-11","배추","10키로망대","특","6,736","7,474","9,244"
"2021-06-10","배추","10키로망대","특","7,474","0","0"
"2021-06-09","배추","10키로망대","특","6,052","0","0"
"2021-06-08","배추","10키로망대","특","6,721","0","0"
"2021-06-07","배추","10키로망대","특","7,984","0","0"
"2021-06-05","배추","10키로망대","특","6,533","0","0"
"2021-06-04","배추","10키로망대","특","8,517","0","0"
"2021-06-03","배추","10키로망대","특","7,482","0","0"
"2021-06-02","배추","10키로망대","특","6,797","0","0"
"2021-06-01","배추","10키로망대","특","7,057","7,789","0"
"2021-05-31","배추","10키로망대","특","7,789","0","8,248"
"2021-05-30","배추","10키로망대","특","0","5,753","10,316"
"2021-05-29","배추","10키로망대","특","5,753","7,066","12,044"
"2021-05-28","배추","10키로망대","특","7,066","6,359","12,100"
"2021-05-27","배추","10키로망대","특","6,359","5,835","12,872"
"2021-05-26","배추","10키로망대","특","5,835","6,174","12,383"
"2021-05-25","배추","10키로망대","특","6,174","6,071","0"
"2021-05-24","배추","10키로망대","특","6,071","0","11,257"
"2021-05-23","배추","10키로망대","특","0","6,300","12,186"
"2021-05-22","배추","10키로망대","특","6,300","7,800","12,800"
"2021-05-21","배추","10키로망대","특","7,800","5,958","10,993"
"2021-05-20","배추","10키로망대","특","5,958","5,000","10,876"
"2021-05-19","배추","10키로망대","특","5,000","5,073","10,198"
"2021-05-18","배추","10키로망대","특","5,073","6,253","0"
"2021-05-17","배추","10키로망대","특","6,253","0","9,116"
"2021-05-16","배추","10키로망대","특","0","5,665","10,575"
"2021-05-15","배추","10키로망대","특","5,665","3,896","11,125"
"2021-05-14","배추","10키로망대","특","3,896","5,040","11,156"
"2021-05-13","배추","10키로망대","특","5,040","6,570","10,700"
"2021-05-12","배추","10키로망대","특","6,570","9,113","11,789"
"2021-05-11","배추","10키로망대","특","9,113","9,497","0"
"2021-05-10","배추","10키로망대","특","9,497","0","0"
"2021-05-08","배추","10키로망대","특","7,399","0","0"
"2021-05-07","배추","10키로망대","특","10,880","0","0"
"2021-05-06","배추","10키로망대","특","10,500","0","0"
"2021-05-05","배추","10키로망대","특","10,815","0","0"
"2021-05-04","배추","10키로망대","특","9,595","0","0"
"2021-05-03","배추","10키로망대","특","11,776","0","0"
"2021-05-01","배추","10키로망대","특","10,970","12,053","16,090"
"2021-04-30","배추","10키로망대","특","12,053","11,672","15,347"
"2021-04-29","배추","10키로망대","특","11,672","12,100","14,214"
"2021-04-28","배추","10키로망대","특","12,100","11,714","13,254"
"2021-04-27","배추","10키로망대","특","11,714","12,119","0"
"2021-04-26","배추","10키로망대","특","12,119","0","12,234"
"2021-04-25","배추","10키로망대","특","0","11,698","11,652"
"2021-04-24","배추","10키로망대","특","11,698","11,528","10,873"
"2021-04-23","배추","10키로망대","특","11,528","10,581","10,873"
"2021-04-22","배추","10키로망대","특","10,581","10,459","10,483"
"2021-04-21","배추","10키로망대","특","10,459","11,013","9,899"
"2021-04-20","배추","10키로망대","특","11,013","11,761","0"
"2021-04-19","배추","10키로망대","특","11,761","0","9,500"
"2021-04-18","배추","10키로망대","특","0","11,500","9,600"
"2021-04-17","배추","10키로망대","특","11,500","11,426","9,500"
"2021-04-16","배추","10키로망대","특","11,426","10,862","9,300"
"2021-04-15","배추","10키로망대","특","10,862","11,006","9,093"
"2021-04-14","배추","10키로망대","특","11,006","11,443","9,236"
"2021-04-13","배추","10키로망대","특","11,443","10,875","0"
"2021-04-12","배추","10키로망대","특","10,875","0","8,800"
"2021-04-11","배추","10키로망대","특","0","11,494","8,751"
"2021-04-10","배추","10키로망대","특","11,494","0","0"
"2021-04-09","배추","10키로망대","특","12,004","0","0"
"2021-04-08","배추","10키로망대","특","11,070","0","0"
"2021-04-07","배추","10키로망대","특","11,251","0","0"
"2021-04-06","배추","10키로망대","특","11,596","0","0"
"2021-04-05","배추","10키로망대","특","10,949","0","0"
"2021-04-03","배추","10키로망대","특","10,700","0","0"
"2021-04-02","배추","10키로망대","특","11,044","0","0"
"2021-04-01","배추","10키로망대","특","11,311","10,484","9,002"
"2021-03-31","배추","10키로망대","특","10,484","10,887","9,105"
"2021-03-30","배추","10키로망대","특","10,887","11,596","0"
"2021-03-29","배추","10키로망대","특","11,596","0","8,500"
"2021-03-28","배추","10키로망대","특","0","11,600","8,918"
"2021-03-27","배추","10키로망대","특","11,600","11,336","9,040"
"2021-03-26","배추","10키로망대","특","11,336","10,939","9,051"
"2021-03-25","배추","10키로망대","특","10,939","11,260","9,552"
"2021-03-24","배추","10키로망대","특","11,260","10,632","9,093"
"2021-03-23","배추","10키로망대","특","10,632","10,946","0"
"2021-03-22","배추","10키로망대","특","10,946","0","8,982"
"2021-03-21","배추","10키로망대","특","0","10,500","9,098"
"2021-03-20","배추","10키로망대","특","10,500","9,800","8,800"
"2021-03-19","배추","10키로망대","특","9,800","9,400","9,081"
"2021-03-18","배추","10키로망대","특","9,400","10,814","9,145"
"2021-03-17","배추","10키로망대","특","10,814","10,774","9,319"
"2021-03-16","배추","10키로망대","특","10,774","11,478","0"
"2021-03-15","배추","10키로망대","특","11,478","0","9,200"
"2021-03-14","배추","10키로망대","특","0","10,873","9,000"
"2021-03-13","배추","10키로망대","특","10,873","10,873","8,918"
"2021-03-12","배추","10키로망대","특","10,873","10,502","9,200"
"2021-03-11","배추","10키로망대","특","10,502","10,763","9,174"
"2021-03-10","배추","10키로망대","특","10,763","0","0"
"2021-03-09","배추","10키로망대","특","11,170","0","0"
"2021-03-08","배추","10키로망대","특","11,143","0","0"
"2021-03-06","배추","10키로망대","특","10,800","0","0"
"2021-03-05","배추","10키로망대","특","10,963","0","0"
"2021-03-04","배추","10키로망대","특","10,070","0","0"
"2021-03-03","배추","10키로망대","특","10,197","0","0"
"2021-03-02","배추","10키로망대","특","10,524","0","0"
"2021-03-01","배추","10키로망대","특","10,880","0","9,500"
"2021-02-28","배추","10키로망대","특","0","10,183","9,578"
"2021-02-27","배추","10키로망대","특","10,183","11,200","9,800"
"2021-02-26","배추","10키로망대","특","11,200","10,700","9,575"
"2021-02-25","배추","10키로망대","특","10,700","11,174","9,693"
"2021-02-24","배추","10키로망대","특","11,174","11,359","0"
"2021-02-23","배추","10키로망대","특","11,359","10,636","9,485"
"2021-02-22","배추","10키로망대","특","10,636","0","9,594"
"2021-02-21","배추","10키로망대","특","0","10,569","9,067"
"2021-02-20","배추","10키로망대","특","10,569","10,800","9,500"
"2021-02-19","배추","10키로망대","특","10,800","10,300","9,955"
"2021-02-18","배추","10키로망대","특","10,300","10,088","9,549"
"2021-02-17","배추","10키로망대","특","10,088","9,528","0"
"2021-02-16","배추","10키로망대","특","9,528","8,742","9,227"
"2021-02-15","배추","10키로망대","특","8,742","0","9,475"
"2021-02-14","배추","10키로망대","특","0","0","10,100"
"2021-02-13","배추","10키로망대","특","0","0","9,700"
"2021-02-12","배추","10키로망대","특","0","8,155","9,688"
"2021-02-11","배추","10키로망대","특","8,155","8,155","9,770"
"2021-02-10","배추","10키로망대","특","8,155","0","0"
"2021-02-09","배추","10키로망대","특","8,200","0","0"
"2021-02-08","배추","10키로망대","특","8,129","0","0"
"2021-02-06","배추","10키로망대","특","7,689","0","0"
"2021-02-05","배추","10키로망대","특","7,700","0","0"
"2021-02-04","배추","10키로망대","특","8,735","0","0"
"2021-02-03","배추","10키로망대","특","7,944","0","0"
"2021-02-02","배추","10키로망대","특","7,594","0","0"
"2021-02-01","배추","10키로망대","특","8,157","0","9,351"
"2021-01-31","배추","10키로망대","특","0","7,500","9,333"
"2021-01-30","배추","10키로망대","특","7,500","7,859","9,276"
"2021-01-29","배추","10키로망대","특","7,859","7,716","9,513"
"2021-01-28","배추","10키로망대","특","7,716","8,100","0"
"2021-01-27","배추","10키로망대","특","8,100","7,200","0"
"2021-01-26","배추","10키로망대","특","7,200","6,682","0"
"2021-01-25","배추","10키로망대","특","6,682","0","8,000"
"2021-01-24","배추","10키로망대","특","0","5,100","9,917"
"2021-01-23","배추","10키로망대","특","5,100","5,149","10,050"
"2021-01-22","배추","10키로망대","특","5,149","4,870","9,685"
"2021-01-21","배추","10키로망대","특","4,870","5,258","9,381"
"2021-01-20","배추","10키로망대","특","5,258","6,000","0"
"2021-01-19","배추","10키로망대","특","6,000","5,868","9,048"
"2021-01-18","배추","10키로망대","특","5,868","0","9,423"
"2021-01-17","배추","10키로망대","특","0","5,400","9,454"
"2021-01-16","배추","10키로망대","특","5,400","5,500","9,300"
"2021-01-15","배추","10키로망대","특","5,500","5,100","9,110"
"2021-01-14","배추","10키로망대","특","5,100","5,500","9,257"
"2021-01-13","배추","10키로망대","특","5,500","4,663","0"
"2021-01-12","배추","10키로망대","특","4,663","5,200","9,500"
"2021-01-11","배추","10키로망대","특","5,200","0","10,175"
"2021-01-09","배추","10키로망대","특","3,000","0","0"
"2021-01-08","배추","10키로망대","특","3,000","0","0"
"2021-01-07","배추","10키로망대","특","4,400","0","0"
"2021-01-06","배추","10키로망대","특","4,091","0","0"
"2021-01-05","배추","10키로망대","특","4,545","0","0"
"2021-01-04","배추","10키로망대","특","4,619","0","0"
"2021-01-01","배추","10키로망대","특","0","2,800","12,200"
"2020-12-31","배추","10키로망대","특","2,800","4,381","10,772"
"2020-12-30","배추","10키로망대","특","4,381","4,300","0"
"2020-12-29","배추","10키로망대","특","4,300","3,956","10,394"
"2020-12-28","배추","10키로망대","특","3,956","0","9,665"
"2020-12-27","배추","10키로망대","특","0","3,700","9,755"
"2020-12-26","배추","10키로망대","특","3,700","3,562","8,543"
"2020-12-25","배추","10키로망대","특","3,562","3,683","9,435"
"2020-12-24","배추","10키로망대","특","3,683","3,543","9,435"
"2020-12-23","배추","10키로망대","특","3,543","3,793","0"
"2020-12-22","배추","10키로망대","특","3,793","4,216","9,024"
"2020-12-21","배추","10키로망대","특","4,216","0","9,105"
"2020-12-20","배추","10키로망대","특","0","4,500","9,226"
"2020-12-19","배추","10키로망대","특","4,500","3,800","10,021"
"2020-12-18","배추","10키로망대","특","3,800","3,700","9,568"
"2020-12-17","배추","10키로망대","특","3,700","3,600","9,760"
"2020-12-16","배추","10키로망대","특","3,600","4,277","0"
"2020-12-15","배추","10키로망대","특","4,277","5,213","9,539"
"2020-12-14","배추","10키로망대","특","5,213","0","9,562"
"2020-12-13","배추","10키로망대","특","0","4,500","9,408"
"2020-12-12","배추","10키로망대","특","4,500","4,559","9,528"
"2020-12-11","배추","10키로망대","특","4,559","4,126","9,907"
"2020-12-10","배추","10키로망대","특","4,126","0","0"
"2020-12-09","배추","10키로망대","특","3,529","0","0"
"2020-12-08","배추","10키로망대","특","4,690","0","0"
"2020-12-07","배추","10키로망대","특","4,896","0","0"
"2020-12-05","배추","10키로망대","특","5,477","0","0"
"2020-12-04","배추","10키로망대","특","6,211","0","0"
"2020-12-03","배추","10키로망대","특","5,897","0","0"
"2020-12-02","배추","10키로망대","특","4,009","0","0"
"2020-12-01","배추","10키로망대","특","4,348","4,846","9,931"
"2020-11-30","배추","10키로망대","특","4,846","0","10,641"
"2020-11-29","배추","10키로망대","특","0","6,505","10,180"
"2020-11-28","배추","10키로망대","특","6,505","7,077","8,455"
"2020-11-27","배추","10키로망대","특","7,077","6,607","10,251"
"2020-11-26","배추","10키로망대","특","6,607","6,035","11,535"
"2020-11-25","배추","10키로망대","특","6,035","6,440","0"
"2020-11-24","배추","10키로망대","특","6,440","7,311","11,712"
"2020-11-23","배추","10키로망대","특","7,311","0","12,578"
"2020-11-22","배추","10키로망대","특","0","8,209","11,086"
"2020-11-21","배추","10키로망대","특","8,209","10,372","11,142"
"2020-11-20","배추","10키로망대","특","10,372","8,730","10,591"
"2020-11-19","배추","10키로망대","특","8,730","7,363","10,913"
"2020-11-18","배추","10키로망대","특","7,363","7,563","0"
"2020-11-17","배추","10키로망대","특","7,563","7,271","11,298"
"2020-11-16","배추","10키로망대","특","7,271","0","10,680"
"2020-11-15","배추","10키로망대","특","0","8,275","10,581"
"2020-11-14","배추","10키로망대","특","8,275","8,626","9,694"
"2020-11-13","배추","10키로망대","특","8,626","7,616","10,166"
"2020-11-12","배추","10키로망대","특","7,616","7,474","10,422"
"2020-11-11","배추","10키로망대","특","7,474","7,317","0"
"2020-11-10","배추","10키로망대","특","7,317","0","0"
"2020-11-09","배추","10키로망대","특","7,037","0","0"
"2020-11-07","배추","10키로망대","특","6,588","0","0"
"2020-11-06","배추","10키로망대","특","7,702","0","0"
"2020-11-05","배추","10키로망대","특","7,347","0","0"
"2020-11-04","배추","10키로망대","특","6,635","0","0"
"2020-11-03","배추","10키로망대","특","6,744","0","0"
"2020-11-02","배추","10키로망대","특","6,599","0","0"
"2020-11-01","배추","10키로망대","특","0","6,055","10,596"
"2020-10-31","배추","10키로망대","특","6,055","6,712","11,026"
"2020-10-30","배추","10키로망대","특","6,712","6,711","11,472"
"2020-10-29","배추","10키로망대","특","6,711","6,733","11,130"
"2020-10-28","배추","10키로망대","특","6,733","7,405","0"
"2020-10-27","배추","10키로망대","특","7,405","7,366","10,920"
"2020-10-26","배추","10키로망대","특","7,366","0","12,516"
"2020-10-25","배추","10키로망대","특","0","7,916","11,663"
"2020-10-24","배추","10키로망대","특","7,916","7,662","12,359"
"2020-10-23","배추","10키로망대","특","7,662","8,151","12,902"
"2020-10-22","배추","10키로망대","특","8,151","8,323","13,185"
"2020-10-21","배추","10키로망대","특","8,323","8,708","0"
"2020-10-20","배추","10키로망대","특","8,708","9,334","14,732"
"2020-10-19","배추","10키로망대","특","9,334","0","14,546"
"2020-10-18","배추","10키로망대","특","0","8,968","15,498"
"2020-10-17","배추","10키로망대","특","8,968","9,327","16,410"
"2020-10-16","배추","10키로망대","특","9,327","10,806","16,415"
"2020-10-15","배추","10키로망대","특","10,806","11,311","15,126"
"2020-10-14","배추","10키로망대","특","11,311","11,373","0"
"2020-10-13","배추","10키로망대","특","11,373","14,338","15,231"
"2020-10-12","배추","10키로망대","특","14,338","0","16,031"
"2020-10-11","배추","10키로망대","특","0","14,987","16,002"
"2020-10-10","배추","10키로망대","특","14,987","0","0"
"2020-10-09","배추","10키로망대","특","18,422","0","0"
"2020-10-08","배추","10키로망대","특","24,034","0","0"
"2020-10-07","배추","10키로망대","특","25,222","0","0"
"2020-10-06","배추","10키로망대","특","24,774","0","0"
"2020-10-05","배추","10키로망대","특","28,143","0","0"
"2020-10-01","배추","10키로망대","특","0","23,995","24,750"
"2020-09-30","배추","10키로망대","특","23,995","31,987","0"
"2020-09-29","배추","10키로망대","특","31,987","31,713","24,480"
"2020-09-28","배추","10키로망대","특","31,713","0","22,284"
"2020-09-27","배추","10키로망대","특","0","32,731","21,582"
"2020-09-26","배추","10키로망대","특","32,731","30,136","21,030"
"2020-09-25","배추","10키로망대","특","30,136","30,578","18,086"
"2020-09-24","배추","10키로망대","특","30,578","29,764","28,105"
"2020-09-23","배추","10키로망대","특","29,764","30,434","0"
"2020-09-22","배추","10키로망대","특","30,434","32,272","18,227"
"2020-09-21","배추","10키로망대","특","32,272","0","16,631"
"2020-09-20","배추","10키로망대","특","0","31,671","17,334"
"2020-09-19","배추","10키로망대","특","31,671","30,217","17,653"
"2020-09-18","배추","10키로망대","특","30,217","32,634","15,080"
"2020-09-17","배추","10키로망대","특","32,634","33,090","15,095"
"2020-09-16","배추","10키로망대","특","33,090","32,510","0"
"2020-09-15","배추","10키로망대","특","32,510","32,293","0"
"2020-09-14","배추","10키로망대","특","32,293","0","0"
"2020-09-13","배추","10키로망대","특","0","27,963","11,400"
"2020-09-12","배추","10키로망대","특","27,963","26,848","15,096"
"2020-09-11","배추","10키로망대","특","26,848","25,354","16,683"
"2020-09-10","배추","10키로망대","특","25,354","0","0"
"2020-09-09","배추","10키로망대","특","25,712","0","0"
"2020-09-08","배추","10키로망대","특","28,713","0","0"
"2020-09-07","배추","10키로망대","특","26,000","0","0"
"2020-09-05","배추","10키로망대","특","21,372","0","0"
"2020-09-04","배추","10키로망대","특","24,600","0","0"
"2020-09-03","배추","10키로망대","특","26,220","0","0"
"2020-09-02","배추","10키로망대","특","19,618","0","0"
"2020-09-01","배추","10키로망대","특","17,629","19,016","12,034"
"2020-08-31","배추","10키로망대","특","19,016","0","11,105"
"2020-08-30","배추","10키로망대","특","0","24,149","12,386"
"2020-08-29","배추","10키로망대","특","24,149","30,226","12,508"
"2020-08-28","배추","10키로망대","특","30,226","29,290","11,877"
"2020-08-27","배추","10키로망대","특","29,290","24,828","11,283"
"2020-08-26","배추","10키로망대","특","24,828","25,441","0"
"2020-08-25","배추","10키로망대","특","25,441","30,301","11,035"
"2020-08-24","배추","10키로망대","특","30,301","0","9,757"
"2020-08-23","배추","10키로망대","특","0","24,085","9,118"
"2020-08-22","배추","10키로망대","특","24,085","23,414","7,148"
"2020-08-21","배추","10키로망대","특","23,414","23,902","7,670"
"2020-08-20","배추","10키로망대","특","23,902","23,569","9,308"
"2020-08-19","배추","10키로망대","특","23,569","24,366","0"
"2020-08-18","배추","10키로망대","특","24,366","25,446","11,409"
"2020-08-17","배추","10키로망대","특","25,446","0","11,673"
"2020-08-16","배추","10키로망대","특","0","22,375","9,587"
"2020-08-15","배추","10키로망대","특","22,375","21,648","8,456"
"2020-08-14","배추","10키로망대","특","21,648","21,310","8,410"
"2020-08-13","배추","10키로망대","특","21,310","19,234","10,036"
"2020-08-12","배추","10키로망대","특","19,234","18,982","0"
"2020-08-11","배추","10키로망대","특","18,982","17,333","9,145"
"2020-08-10","배추","10키로망대","특","17,333","0","0"
"2020-08-08","배추","10키로망대","특","17,020","0","0"
"2020-08-07","배추","10키로망대","특","17,537","0","0"
"2020-08-06","배추","10키로망대","특","13,637","0","0"
"2020-08-05","배추","10키로망대","특","14,465","0","0"
"2020-08-04","배추","10키로망대","특","15,655","0","0"
"2020-08-03","배추","10키로망대","특","14,588","0","0"
"2020-08-01","배추","10키로망대","특","0","16,260","6,842"
"2020-07-31","배추","10키로망대","특","16,260","13,356","6,661"
"2020-07-30","배추","10키로망대","특","13,356","12,461","7,379"
"2020-07-29","배추","10키로망대","특","12,461","13,273","0"
"2020-07-28","배추","10키로망대","특","13,273","12,766","10,700"
"2020-07-27","배추","10키로망대","특","12,766","0","7,007"
"2020-07-26","배추","10키로망대","특","0","15,581","6,649"
"2020-07-25","배추","10키로망대","특","15,581","16,242","5,075"
"2020-07-24","배추","10키로망대","특","16,242","12,869","5,442"
"2020-07-23","배추","10키로망대","특","12,869","12,492","9,103"
"2020-07-22","배추","10키로망대","특","12,492","17,799","0"
"2020-07-21","배추","10키로망대","특","17,799","16,554","5,145"
"2020-07-20","배추","10키로망대","특","16,554","0","5,382"
"2020-07-19","배추","10키로망대","특","0","11,235","5,921"
"2020-07-18","배추","10키로망대","특","11,235","11,860","8,200"
"2020-07-17","배추","10키로망대","특","11,860","12,770","6,609"
"2020-07-16","배추","10키로망대","특","12,770","13,490","6,438"
"2020-07-15","배추","10키로망대","특","13,490","12,418","0"
"2020-07-14","배추","10키로망대","특","12,418","11,514","8,354"
"2020-07-13","배추","10키로망대","특","11,514","0","8,147"
"2020-07-12","배추","10키로망대","특","0","15,400","8,949"
"2020-07-11","배추","10키로망대","특","15,400","10,547","7,090"
"2020-07-10","배추","10키로망대","특","10,547","0","0"
"2020-07-09","배추","10키로망대","특","10,625","0","0"
"2020-07-08","배추","10키로망대","특","10,521","0","0"
"2020-07-07","배추","10키로망대","특","9,321","0","0"
"2020-07-06","배추","10키로망대","특","8,816","0","0"
"2020-07-04","배추","10키로망대","특","9,800","0","0"
"2020-07-03","배추","10키로망대","특","7,926","0","0"
"2020-07-02","배추","10키로망대","특","7,676","0","0"
"2020-07-01","배추","10키로망대","특","9,442","8,692","0"
"2020-06-30","배추","10키로망대","특","8,692","7,841","7,171"
"2020-06-29","배추","10키로망대","특","7,841","0","9,273"
"2020-06-28","배추","10키로망대","특","0","9,064","6,737"
"2020-06-27","배추","10키로망대","특","9,064","7,454","6,999"
"2020-06-26","배추","10키로망대","특","7,454","10,300","6,484"
"2020-06-25","배추","10키로망대","특","10,300","10,966","5,980"
"2020-06-24","배추","10키로망대","특","10,966","7,967","0"
"2020-06-23","배추","10키로망대","특","7,967","11,017","6,068"
"2020-06-22","배추","10키로망대","특","11,017","0","6,745"
"2020-06-21","배추","10키로망대","특","0","6,931","6,300"
"2020-06-20","배추","10키로망대","특","6,931","7,286","6,614"
"2020-06-19","배추","10키로망대","특","7,286","8,010","7,793"
"2020-06-18","배추","10키로망대","특","8,010","9,403","6,868"
"2020-06-17","배추","10키로망대","특","9,403","10,825","0"
"2020-06-16","배추","10키로망대","특","10,825","12,400","5,622"
"2020-06-15","배추","10키로망대","특","12,400","0","5,906"
"2020-06-14","배추","10키로망대","특","0","6,682","5,621"
"2020-06-13","배추","10키로망대","특","6,682","9,400","6,834"
"2020-06-12","배추","10키로망대","특","9,400","8,219","6,544"
"2020-06-11","배추","10키로망대","특","8,219","9,244","7,400"
"2020-06-10","배추","10키로망대","특","9,244","0","0"
"2020-06-09","배추","10키로망대","특","9,656","0","0"
"2020-06-08","배추","10키로망대","특","8,329","0","0"
"2020-06-06","배추","10키로망대","특","7,000","0","0"
"2020-06-05","배추","10키로망대","특","7,650","0","0"
"2020-06-04","배추","10키로망대","특","6,940","0","0"
"2020-06-03","배추","10키로망대","특","7,728","0","0"
"2020-06-02","배추","10키로망대","특","9,365","0","0"
"2020-06-01","배추","10키로망대","특","9,143","0","7,375"
"2020-05-31","배추","10키로망대","특","0","8,248","6,713"
"2020-05-30","배추","10키로망대","특","8,248","10,316","6,488"
"2020-05-29","배추","10키로망대","특","10,316","12,044","6,666"
"2020-05-28","배추","10키로망대","특","12,044","12,100","5,441"
"2020-05-27","배추","10키로망대","특","12,100","12,872","0"
"2020-05-26","배추","10키로망대","특","12,872","12,383","3,967"
"2020-05-25","배추","10키로망대","특","12,383","0","4,700"
"2020-05-24","배추","10키로망대","특","0","11,257","4,500"
"2020-05-23","배추","10키로망대","특","11,257","12,186","4,289"
"2020-05-22","배추","10키로망대","특","12,186","12,800","4,361"
"2020-05-21","배추","10키로망대","특","12,800","10,993","4,703"
"2020-05-20","배추","10키로망대","특","10,993","10,876","0"
"2020-05-19","배추","10키로망대","특","10,876","10,198","4,400"
"2020-05-18","배추","10키로망대","특","10,198","0","4,244"
"2020-05-17","배추","10키로망대","특","0","9,116","4,057"
"2020-05-16","배추","10키로망대","특","9,116","10,575","4,100"
"2020-05-15","배추","10키로망대","특","10,575","11,125","3,696"
"2020-05-14","배추","10키로망대","특","11,125","11,156","3,835"
"2020-05-13","배추","10키로망대","특","11,156","10,700","0"
"2020-05-12","배추","10키로망대","특","10,700","11,789","3,600"
"2020-05-11","배추","10키로망대","특","11,789","0","3,558"
"2020-05-09","배추","10키로망대","특","10,504","0","0"
"2020-05-08","배추","10키로망대","특","12,394","0","0"
"2020-05-07","배추","10키로망대","특","13,475","0","0"
"2020-05-06","배추","10키로망대","특","15,594","0","0"
"2020-05-05","배추","10키로망대","특","16,293","0","0"
"2020-05-04","배추","10키로망대","특","17,167","0","0"
"2020-05-02","배추","10키로망대","특","14,400","0","0"
"2020-05-01","배추","10키로망대","특","16,530","16,090","3,195"
"2020-04-30","배추","10키로망대","특","16,090","15,347","3,212"
"2020-04-29","배추","10키로망대","특","15,347","14,214","0"
"2020-04-28","배추","10키로망대","특","14,214","13,254","2,800"
"2020-04-27","배추","10키로망대","특","13,254","0","2,938"
